"long","lat","group","order","region","subregion"
172.74333190918,-34.4421539306641,1,1,"North.Island ",NA
172.79833984375,-34.4556198120117,1,2,"North.Island ",NA
172.852767944336,-34.4484596252441,1,3,"North.Island ",NA
172.89860534668,-34.4178619384766,1,4,"North.Island ",NA
172.959335327148,-34.4250259399414,1,5,"North.Island ",NA
173.018356323242,-34.3989524841309,1,6,"North.Island ",NA
173.022933959961,-34.4466247558594,1,7,"North.Island ",NA
173.018356323242,-34.4934349060059,1,8,"North.Island ",NA
172.961624145508,-34.504264831543,1,9,"North.Island ",NA
172.918090820312,-34.4736671447754,1,10,"North.Island ",NA
172.935287475586,-34.5222549438477,1,11,"North.Island ",NA
172.880844116211,-34.5150375366211,1,12,"North.Island ",NA
172.904907226562,-34.5564613342285,1,13,"North.Island ",NA
172.955337524414,-34.5330276489258,1,14,"North.Island ",NA
172.937576293945,-34.5780601501465,1,15,"North.Island ",NA
172.975967407227,-34.6122665405273,1,16,"North.Island ",NA
172.992568969727,-34.5672340393066,1,17,"North.Island ",NA
173.021789550781,-34.6140441894531,1,18,"North.Island ",NA
173.03955078125,-34.6590194702148,1,19,"North.Island ",NA
173.067642211914,-34.7004432678223,1,20,"North.Island ",NA
173.104873657227,-34.7337303161621,1,21,"North.Island ",NA
173.149002075195,-34.7661628723145,1,22,"North.Island ",NA
173.183944702148,-34.8057518005371,1,23,"North.Island ",NA
173.135818481445,-34.7823181152344,1,24,"North.Island ",NA
173.140396118164,-34.8291282653809,1,25,"North.Island ",NA
173.182220458984,-34.8597259521484,1,26,"North.Island ",NA
173.232635498047,-34.8831596374512,1,27,"North.Island ",NA
173.291656494141,-34.893928527832,1,28,"North.Island ",NA
173.268737792969,-34.9353561401367,1,29,"North.Island ",NA
173.233779907227,-34.9767265319824,1,30,"North.Island ",NA
173.245254516602,-35.0217590332031,1,31,"North.Island ",NA
173.301971435547,-35.0217590332031,1,32,"North.Island ",NA
173.341506958008,-34.9803314208984,1,33,"North.Island ",NA
173.336929321289,-34.9317474365234,1,34,"North.Island ",NA
173.311706542969,-34.8867683410645,1,35,"North.Island ",NA
173.359848022461,-34.8579483032227,1,36,"North.Island ",NA
173.403381347656,-34.8282699584961,1,37,"North.Island ",NA
173.458389282227,-34.8372688293457,1,38,"North.Island ",NA
173.430313110352,-34.8804664611816,1,39,"North.Island ",NA
173.39421081543,-34.9191398620605,1,40,"North.Island ",NA
173.41828918457,-34.966869354248,1,41,"North.Island ",NA
173.469284057617,-34.9938545227051,1,42,"North.Island ",NA
173.523696899414,-34.9902458190918,1,43,"North.Island ",NA
173.559234619141,-35.0280609130859,1,44,"North.Island ",NA
173.5615234375,-34.9794158935547,1,45,"North.Island ",NA
173.569549560547,-34.9290542602539,1,46,"North.Island ",NA
173.622268676758,-34.9452705383301,1,47,"North.Island ",NA
173.673248291016,-34.9650344848633,1,48,"North.Island ",NA
173.725952148438,-34.9857215881348,1,49,"North.Island ",NA
173.774658203125,-35.0091514587402,1,50,"North.Island ",NA
173.742004394531,-35.0505218505859,1,51,"North.Island ",NA
173.698455810547,-35.0784225463867,1,52,"North.Island ",NA
173.758041381836,-35.0847282409668,1,53,"North.Island ",NA
173.790130615234,-35.0451354980469,1,54,"North.Island ",NA
173.835968017578,-35.0127601623535,1,55,"North.Island ",NA
173.891555786133,-35.0271415710449,1,56,"North.Island ",NA
173.944259643555,-35.0631294250488,1,57,"North.Island ",NA
173.947113037109,-35.1099395751953,1,58,"North.Island ",NA
173.989517211914,-35.1405334472656,1,59,"North.Island ",NA
174.044525146484,-35.1342315673828,1,60,"North.Island ",NA
174.101821899414,-35.1432266235352,1,61,"North.Island ",NA
174.135055541992,-35.1828155517578,1,62,"North.Island ",NA
174.080627441406,-35.204418182373,1,63,"North.Island ",NA
174.068588256836,-35.1594390869141,1,64,"North.Island ",NA
174.013595581055,-35.1540565490723,1,65,"North.Island ",NA
174.038787841797,-35.1954231262207,1,66,"North.Island ",NA
173.988372802734,-35.2197723388672,1,67,"North.Island ",NA
174.043380737305,-35.226016998291,1,68,"North.Island ",NA
174.090942382812,-35.2584457397461,1,69,"North.Island ",NA
174.109268188477,-35.3088684082031,1,70,"North.Island ",NA
174.119003295898,-35.3592300415039,1,71,"North.Island ",NA
174.183181762695,-35.3592300415039,1,72,"North.Island ",NA
174.240478515625,-35.3520698547363,1,73,"North.Island ",NA
174.199798583984,-35.3178634643555,1,74,"North.Island ",NA
174.144790649414,-35.319637298584,1,75,"North.Island ",NA
174.122451782227,-35.2746620178223,1,76,"North.Island ",NA
174.177444458008,-35.2908172607422,1,77,"North.Island ",NA
174.232452392578,-35.2638320922852,1,78,"North.Island ",NA
174.281723022461,-35.244068145752,1,79,"North.Island ",NA
174.309799194336,-35.2017250061035,1,80,"North.Island ",NA
174.303497314453,-35.24853515625,1,81,"North.Island ",NA
174.312103271484,-35.2944297790527,1,82,"North.Island ",NA
174.345901489258,-35.3367729187012,1,83,"North.Island ",NA
174.390594482422,-35.3709182739258,1,84,"North.Island ",NA
174.339599609375,-35.3529281616211,1,85,"North.Island ",NA
174.353927612305,-35.4015731811523,1,86,"North.Island ",NA
174.378555297852,-35.4447746276855,1,87,"North.Island ",NA
174.436431884766,-35.4501609802246,1,88,"North.Island ",NA
174.46565246582,-35.4897499084473,1,89,"North.Island ",NA
174.442153930664,-35.531120300293,1,90,"North.Island ",NA
174.479400634766,-35.5671577453613,1,91,"North.Island ",NA
174.532684326172,-35.5941429138184,1,92,"North.Island ",NA
174.53840637207,-35.6427307128906,1,93,"North.Island ",NA
174.478820800781,-35.6607208251953,1,94,"North.Island ",NA
174.517227172852,-35.6949272155762,1,95,"North.Island ",NA
174.513778686523,-35.7417373657227,1,96,"North.Island ",NA
174.569351196289,-35.750732421875,1,97,"North.Island ",NA
174.561325073242,-35.801155090332,1,98,"North.Island ",NA
174.589981079102,-35.8551254272461,1,99,"North.Island ",NA
174.53727722168,-35.8803367614746,1,100,"North.Island ",NA
174.505752563477,-35.8407440185547,1,101,"North.Island ",NA
174.485702514648,-35.795768737793,1,102,"North.Island ",NA
174.429550170898,-35.8056221008301,1,103,"North.Island ",NA
174.375701904297,-35.7912406921387,1,104,"North.Island ",NA
174.353927612305,-35.7462615966797,1,105,"North.Island ",NA
174.331573486328,-35.7894630432129,1,106,"North.Island ",NA
174.340744018555,-35.8344421386719,1,107,"North.Island ",NA
174.39860534668,-35.8380508422852,1,108,"North.Island ",NA
174.454193115234,-35.8443565368652,1,109,"North.Island ",NA
174.516647338867,-35.8587341308594,1,110,"North.Island ",NA
174.482269287109,-35.8965492248535,1,111,"North.Island ",NA
174.476547241211,-35.9433631896973,1,112,"North.Island ",NA
174.488555908203,-35.9955596923828,1,113,"North.Island ",NA
174.516067504883,-36.0423698425293,1,114,"North.Island ",NA
174.566497802734,-36.0693550109863,1,115,"North.Island ",NA
174.609451293945,-36.1017265319824,1,116,"North.Island ",NA
174.588256835938,-36.1521453857422,1,117,"North.Island ",NA
174.644409179688,-36.1611404418945,1,118,"North.Island ",NA
174.671905517578,-36.2025680541992,1,119,"North.Island ",NA
174.710296630859,-36.2385482788086,1,120,"North.Island ",NA
174.749252319336,-36.2727546691895,1,121,"North.Island ",NA
174.799118041992,-36.2943534851074,1,122,"North.Island ",NA
174.809997558594,-36.3393325805664,1,123,"North.Island ",NA
174.772750854492,-36.3771476745605,1,124,"North.Island ",NA
174.828903198242,-36.3843650817871,1,125,"North.Island ",NA
174.777908325195,-36.4149627685547,1,126,"North.Island ",NA
174.765884399414,-36.4590225219727,1,127,"North.Island ",NA
174.759002685547,-36.5112190246582,1,128,"North.Island ",NA
174.738952636719,-36.4662437438965,1,129,"North.Island ",NA
174.691390991211,-36.4302635192871,1,130,"North.Island ",NA
174.713745117188,-36.4752388000488,1,131,"North.Island ",NA
174.732650756836,-36.5238265991211,1,132,"North.Island ",NA
174.720031738281,-36.5724716186523,1,133,"North.Island ",NA
174.712020874023,-36.6192207336426,1,134,"North.Island ",NA
174.762435913086,-36.6480407714844,1,135,"North.Island ",NA
174.822021484375,-36.6192207336426,1,136,"North.Island ",NA
174.780197143555,-36.657039642334,1,137,"North.Island ",NA
174.724060058594,-36.6426582336426,1,138,"North.Island ",NA
174.733795166016,-36.6894683837891,1,139,"North.Island ",NA
174.766448974609,-36.7272262573242,1,140,"North.Island ",NA
174.77961730957,-36.7758712768555,1,141,"North.Island ",NA
174.796813964844,-36.8226203918457,1,142,"North.Island ",NA
174.747543334961,-36.8442230224609,1,143,"North.Island ",NA
174.695404052734,-36.8244552612305,1,144,"North.Island ",NA
174.696548461914,-36.7722587585449,1,145,"North.Island ",NA
174.642684936523,-36.7866401672363,1,146,"North.Island ",NA
174.682220458984,-36.8280639648438,1,147,"North.Island ",NA
174.646713256836,-36.871265411377,1,148,"North.Island ",NA
174.683944702148,-36.9162445068359,1,149,"North.Island ",NA
174.718902587891,-36.8802604675293,1,150,"North.Island ",NA
174.772750854492,-36.8604393005371,1,151,"North.Island ",NA
174.829483032227,-36.8730430603027,1,152,"North.Island ",NA
174.887924194336,-36.8730430603027,1,153,"North.Island ",NA
174.884475708008,-36.9198532104492,1,154,"North.Island ",NA
174.869583129883,-36.9648284912109,1,155,"North.Island ",NA
174.902236938477,-36.9180183410645,1,156,"North.Island ",NA
174.917144775391,-36.8739585876465,1,157,"North.Island ",NA
174.952087402344,-36.9135513305664,1,158,"North.Island ",NA
174.980163574219,-36.9585304260254,1,159,"North.Island ",NA
175.003646850586,-36.9081649780273,1,160,"North.Island ",NA
175.062088012695,-36.9135513305664,1,161,"North.Island ",NA
175.086166381836,-36.965747833252,1,162,"North.Island ",NA
175.144607543945,-36.9621391296387,1,163,"North.Island ",NA
175.212203979492,-36.9675254821777,1,164,"North.Island ",NA
175.267211914062,-36.9990348815918,1,165,"North.Island ",NA
175.306747436523,-37.0440711975098,1,166,"North.Island ",NA
175.314193725586,-37.0908241271973,1,167,"North.Island ",NA
175.311340332031,-37.1466293334961,1,168,"North.Island ",NA
175.326232910156,-37.1916656494141,1,169,"North.Island ",NA
175.359466552734,-37.2438621520996,1,170,"North.Island ",NA
175.429931640625,-37.252857208252,1,171,"North.Island ",NA
175.492401123047,-37.23486328125,1,172,"North.Island ",NA
175.54167175293,-37.213264465332,1,173,"North.Island ",NA
175.5703125,-37.2564659118652,1,174,"North.Island ",NA
175.568588256836,-37.2096557617188,1,175,"North.Island ",NA
175.542236328125,-37.1646194458008,1,176,"North.Island ",NA
175.537658691406,-37.1034278869629,1,177,"North.Island ",NA
175.525619506836,-37.0494575500488,1,178,"North.Island ",NA
175.510726928711,-37.0008697509766,1,179,"North.Island ",NA
175.468902587891,-36.9648284912109,1,180,"North.Island ",NA
175.436233520508,-36.9252395629883,1,181,"North.Island ",NA
175.482650756836,-36.8883438110352,1,182,"North.Island ",NA
175.512451171875,-36.8397521972656,1,183,"North.Island ",NA
175.476348876953,-36.7983322143555,1,184,"North.Island ",NA
175.452285766602,-36.7569618225098,1,185,"North.Island ",NA
175.464309692383,-36.7083206176758,1,186,"North.Island ",NA
175.487228393555,-36.6669502258301,1,187,"North.Island ",NA
175.434509277344,-36.6327438354492,1,188,"North.Island ",NA
175.382385253906,-36.6075325012207,1,189,"North.Island ",NA
175.340560913086,-36.5598640441895,1,190,"North.Island ",NA
175.350875854492,-36.5229644775391,1,191,"North.Island ",NA
175.407592773438,-36.5139694213867,1,192,"North.Island ",NA
175.452285766602,-36.544563293457,1,193,"North.Island ",NA
175.510726928711,-36.5571708679199,1,194,"North.Island ",NA
175.550262451172,-36.5931510925293,1,195,"North.Island ",NA
175.54508972168,-36.6417388916016,1,196,"North.Island ",NA
175.597244262695,-36.6651191711426,1,197,"North.Island ",NA
175.592086791992,-36.710147857666,1,198,"North.Island ",NA
175.627029418945,-36.7497406005859,1,199,"North.Island ",NA
175.62646484375,-36.7947196960449,1,200,"North.Island ",NA
175.687194824219,-36.7911643981934,1,201,"North.Island ",NA
175.735885620117,-36.7668151855469,1,202,"North.Island ",NA
175.788604736328,-36.7470512390137,1,203,"North.Island ",NA
175.841323852539,-36.7758712768555,1,204,"North.Island ",NA
175.793197631836,-36.7974700927734,1,205,"North.Island ",NA
175.761688232422,-36.8352279663086,1,206,"North.Island ",NA
175.718139648438,-36.8685188293457,1,207,"North.Island ",NA
175.692352294922,-36.9135513305664,1,208,"North.Island ",NA
175.731887817383,-36.8811225891113,1,209,"North.Island ",NA
175.784606933594,-36.903636932373,1,210,"North.Island ",NA
175.840744018555,-36.9072494506836,1,211,"North.Island ",NA
175.851638793945,-36.9540596008301,1,212,"North.Island ",NA
175.857925415039,-37.0044212341309,1,213,"North.Island ",NA
175.880279541016,-37.0530662536621,1,214,"North.Island ",NA
175.843048095703,-37.087272644043,1,215,"North.Island ",NA
175.895751953125,-37.1106491088867,1,216,"North.Island ",NA
175.898620605469,-37.1592330932617,1,217,"North.Island ",NA
175.89631652832,-37.2096557617188,1,218,"North.Island ",NA
175.872833251953,-37.2519416809082,1,219,"North.Island ",NA
175.902053833008,-37.301441192627,1,220,"North.Island ",NA
175.922103881836,-37.3446426391602,1,221,"North.Island ",NA
175.941589355469,-37.3878440856934,1,222,"North.Island ",NA
175.951324462891,-37.4382629394531,1,223,"North.Island ",NA
175.973678588867,-37.4850158691406,1,224,"North.Island ",NA
175.953048706055,-37.5273628234863,1,225,"North.Island ",NA
175.979400634766,-37.5705604553223,1,226,"North.Island ",NA
175.953628540039,-37.6101531982422,1,227,"North.Island ",NA
175.969085693359,-37.6551284790039,1,228,"North.Island ",NA
176.006332397461,-37.6947212219238,1,229,"North.Island ",NA
176.06477355957,-37.6866416931152,1,230,"North.Island ",NA
176.060180664062,-37.7352294921875,1,231,"North.Island ",NA
176.116912841797,-37.737060546875,1,232,"North.Island ",NA
176.173645019531,-37.7298469543457,1,233,"North.Island ",NA
176.182235717773,-37.7748222351074,1,234,"North.Island ",NA
176.245834350586,-37.7712669372559,1,235,"North.Island ",NA
176.201141357422,-37.737060546875,1,236,"North.Island ",NA
176.186813354492,-37.6902503967285,1,237,"North.Island ",NA
176.241821289062,-37.7226257324219,1,238,"North.Island ",NA
176.292816162109,-37.7532234191895,1,239,"North.Island ",NA
176.344375610352,-37.7766532897949,1,240,"North.Island ",NA
176.402236938477,-37.7991714477539,1,241,"North.Island ",NA
176.46240234375,-37.8207740783691,1,242,"North.Island ",NA
176.5185546875,-37.8495330810547,1,243,"North.Island ",NA
176.570114135742,-37.8783531188965,1,244,"North.Island ",NA
176.627990722656,-37.9017295837402,1,245,"North.Island ",NA
176.677261352539,-37.9287147521973,1,246,"North.Island ",NA
176.742004394531,-37.947624206543,1,247,"North.Island ",NA
176.807327270508,-37.9692268371582,1,248,"North.Island ",NA
176.865188598633,-37.9854431152344,1,249,"North.Island ",NA
176.94140625,-38.0034332275391,1,250,"North.Island ",NA
177.002136230469,-38.0205612182617,1,251,"North.Island ",NA
177.050262451172,-38.0475463867188,1,252,"North.Island ",NA
177.106414794922,-38.0655403137207,1,253,"North.Island ",NA
177.161987304688,-38.0835304260254,1,254,"North.Island ",NA
177.104110717773,-38.0727577209473,1,255,"North.Island ",NA
177.136199951172,-38.1123504638672,1,256,"North.Island ",NA
177.175735473633,-38.0781440734863,1,257,"North.Island ",NA
177.235321044922,-38.0853652954102,1,258,"North.Island ",NA
177.289184570312,-38.1069641113281,1,259,"North.Island ",NA
177.345321655273,-38.0844497680664,1,260,"North.Island ",NA
177.406631469727,-38.0862236022949,1,261,"North.Island ",NA
177.458206176758,-38.0682334899902,1,262,"North.Island ",NA
177.505752563477,-38.0358619689941,1,263,"North.Island ",NA
177.559051513672,-38.0142631530762,1,264,"North.Island ",NA
177.595718383789,-37.975528717041,1,265,"North.Island ",NA
177.631820678711,-37.9395446777344,1,266,"North.Island ",NA
177.675933837891,-37.9089508056641,1,267,"North.Island ",NA
177.695419311523,-37.8621406555176,1,268,"North.Island ",NA
177.732086181641,-37.8261566162109,1,269,"North.Island ",NA
177.779052734375,-37.7946472167969,1,270,"North.Island ",NA
177.835220336914,-37.7820434570312,1,271,"North.Island ",NA
177.891357421875,-37.8036422729492,1,272,"North.Island ",NA
177.910263061523,-37.7514457702637,1,273,"North.Island ",NA
177.966430664062,-37.738842010498,1,274,"North.Island ",NA
178.004806518555,-37.7028541564941,1,275,"North.Island ",NA
178.055236816406,-37.6713447570801,1,276,"North.Island ",NA
178.114822387695,-37.6767311096191,1,277,"North.Island ",NA
178.179000854492,-37.6857261657715,1,278,"North.Island ",NA
178.235137939453,-37.6749534606934,1,279,"North.Island ",NA
178.299896240234,-37.6920318603516,1,280,"North.Island ",NA
178.334838867188,-37.7316207885742,1,281,"North.Island ",NA
178.382965087891,-37.7712669372559,1,282,"North.Island ",NA
178.447708129883,-37.7784309387207,1,283,"North.Island ",NA
178.510162353516,-37.7964210510254,1,284,"North.Island ",NA
178.562866210938,-37.8288536071777,1,285,"North.Island ",NA
178.538803100586,-37.8720550537109,1,286,"North.Island ",NA
178.508438110352,-37.9098701477051,1,287,"North.Island ",NA
178.460311889648,-37.9368553161621,1,288,"North.Island ",NA
178.466033935547,-37.9836654663086,1,289,"North.Island ",NA
178.421340942383,-38.0232582092285,1,290,"North.Island ",NA
178.405883789062,-38.0673141479492,1,291,"North.Island ",NA
178.390975952148,-38.1105155944824,1,292,"North.Island ",NA
178.353744506836,-38.1483306884766,1,293,"North.Island ",NA
178.38410949707,-38.1915321350098,1,294,"North.Island ",NA
178.382965087891,-38.2383422851562,1,295,"North.Island ",NA
178.334259033203,-38.26171875,1,296,"North.Island ",NA
178.360610961914,-38.3085289001465,1,297,"North.Island ",NA
178.345718383789,-38.3535652160645,1,298,"North.Island ",NA
178.344573974609,-38.3985404968262,1,299,"North.Island ",NA
178.339996337891,-38.4471282958984,1,300,"North.Island ",NA
178.343994140625,-38.4993286132812,1,301,"North.Island ",NA
178.352020263672,-38.5443572998047,1,302,"North.Island ",NA
178.318222045898,-38.5884208679199,1,303,"North.Island ",NA
178.301025390625,-38.6352310180664,1,304,"North.Island ",NA
178.283843994141,-38.6802673339844,1,305,"North.Island ",NA
178.231689453125,-38.7144737243652,1,306,"North.Island ",NA
178.192733764648,-38.7468452453613,1,307,"North.Island ",NA
178.153778076172,-38.7810478210449,1,308,"North.Island ",NA
178.099914550781,-38.8035697937012,1,309,"North.Island ",NA
178.039749145508,-38.7999572753906,1,310,"North.Island ",NA
177.976165771484,-38.814338684082,1,311,"North.Island ",NA
177.948654174805,-38.853931427002,1,312,"North.Island ",NA
177.958969116211,-38.8989639282227,1,313,"North.Island ",NA
177.934906005859,-38.9421653747559,1,314,"North.Island ",NA
177.93147277832,-38.9916687011719,1,315,"North.Island ",NA
177.921157836914,-39.0366439819336,1,316,"North.Island ",NA
177.908538818359,-39.0924530029297,1,317,"North.Island ",NA
177.898239135742,-39.1428718566895,1,318,"North.Island ",NA
177.913131713867,-39.189624786377,1,319,"North.Island ",NA
177.964706420898,-39.2148361206055,1,320,"North.Island ",NA
177.977310180664,-39.2598686218262,1,321,"North.Island ",NA
177.937774658203,-39.2922401428223,1,322,"North.Island ",NA
177.922302246094,-39.3354415893555,1,323,"North.Island ",NA
177.885070800781,-39.3750343322754,1,324,"North.Island ",NA
177.87646484375,-39.384033203125,1,325,"North.Island ",NA
177.863861083984,-39.3354415893555,1,326,"North.Island ",NA
177.837493896484,-39.2904663085938,1,327,"North.Island ",NA
177.860427856445,-39.2490386962891,1,328,"North.Island ",NA
177.880477905273,-39.2076148986816,1,329,"North.Island ",NA
177.818023681641,-39.1914596557617,1,330,"North.Island ",NA
177.76301574707,-39.1716346740723,1,331,"North.Island ",NA
177.697692871094,-39.1653327941895,1,332,"North.Island ",NA
177.639266967773,-39.1599464416504,1,333,"North.Island ",NA
177.574523925781,-39.1617240905762,1,334,"North.Island ",NA
177.511489868164,-39.1617240905762,1,335,"North.Island ",NA
177.453628540039,-39.1599464416504,1,336,"North.Island ",NA
177.395172119141,-39.1680221557617,1,337,"North.Island ",NA
177.337890625,-39.1806297302246,1,338,"North.Island ",NA
177.278305053711,-39.1968421936035,1,339,"North.Island ",NA
177.218704223633,-39.2112236022949,1,340,"North.Island ",NA
177.161987304688,-39.2337455749512,1,341,"North.Island ",NA
177.109848022461,-39.2535667419434,1,342,"North.Island ",NA
177.059997558594,-39.2823295593262,1,343,"North.Island ",NA
177.037658691406,-39.3291397094727,1,344,"North.Island ",NA
177.002136230469,-39.3669548034668,1,345,"North.Island ",NA
176.964889526367,-39.4047698974609,1,346,"North.Island ",NA
176.916763305664,-39.4434432983398,1,347,"North.Island ",NA
176.893844604492,-39.4884262084961,1,348,"North.Island ",NA
176.887542724609,-39.5370674133301,1,349,"North.Island ",NA
176.931671142578,-39.5748252868652,1,350,"North.Island ",NA
176.92936706543,-39.6198616027832,1,351,"North.Island ",NA
176.948272705078,-39.6666717529297,1,352,"North.Island ",NA
176.979797363281,-39.7098731994629,1,353,"North.Island ",NA
177.039947509766,-39.7296409606934,1,354,"North.Island ",NA
177.09782409668,-39.7287216186523,1,355,"North.Island ",NA
177.072616577148,-39.7728385925293,1,356,"North.Island ",NA
177.030212402344,-39.8088226318359,1,357,"North.Island ",NA
177.01416015625,-39.8574676513672,1,358,"North.Island ",NA
177.002700805664,-39.9042205810547,1,359,"North.Island ",NA
176.982650756836,-39.9528656005859,1,360,"North.Island ",NA
176.958023071289,-39.9978408813477,1,361,"North.Island ",NA
176.932220458984,-40.0392646789551,1,362,"North.Island ",NA
176.907028198242,-40.0905418395996,1,363,"North.Island ",NA
176.893264770508,-40.1409645080566,1,364,"North.Island ",NA
176.877227783203,-40.1877212524414,1,365,"North.Island ",NA
176.850311279297,-40.2291412353516,1,366,"North.Island ",NA
176.809616088867,-40.2651252746582,1,367,"North.Island ",NA
176.761489868164,-40.2939414978027,1,368,"North.Island ",NA
176.705917358398,-40.3128509521484,1,369,"North.Island ",NA
176.668106079102,-40.3506660461426,1,370,"North.Island ",NA
176.67268371582,-40.3956451416016,1,371,"North.Island ",NA
176.646896362305,-40.442455291748,1,372,"North.Island ",NA
176.629135131836,-40.4856567382812,1,373,"North.Island ",NA
176.63200378418,-40.536018371582,1,374,"North.Island ",NA
176.571838378906,-40.5576171875,1,375,"North.Island ",NA
176.520843505859,-40.5792198181152,1,376,"North.Island ",NA
176.4755859375,-40.6215629577637,1,377,"North.Island ",NA
176.434326171875,-40.6539344787598,1,378,"North.Island ",NA
176.398239135742,-40.6935272216797,1,379,"North.Island ",NA
176.36442565918,-40.7313423156738,1,380,"North.Island ",NA
176.322036743164,-40.7619361877441,1,381,"North.Island ",NA
176.291091918945,-40.8096618652344,1,382,"North.Island ",NA
176.269882202148,-40.8546409606934,1,383,"North.Island ",NA
176.245834350586,-40.9032249450684,1,384,"North.Island ",NA
176.22233581543,-40.9500389099121,1,385,"North.Island ",NA
176.178787231445,-40.9860191345215,1,386,"North.Island ",NA
176.139251708984,-41.0310516357422,1,387,"North.Island ",NA
176.10774230957,-41.0715637207031,1,388,"North.Island ",NA
176.095138549805,-41.1183166503906,1,389,"North.Island ",NA
176.071075439453,-41.159740447998,1,390,"North.Island ",NA
176.039566040039,-41.2011642456055,1,391,"North.Island ",NA
175.995452880859,-41.2371482849121,1,392,"North.Island ",NA
175.972534179688,-41.2785720825195,1,393,"North.Island ",NA
175.920959472656,-41.3019485473633,1,394,"North.Island ",NA
175.872268676758,-41.3424606323242,1,395,"North.Island ",NA
175.835586547852,-41.3838272094727,1,396,"North.Island ",NA
175.784027099609,-41.4126472473145,1,397,"North.Island ",NA
175.729598999023,-41.4342460632324,1,398,"North.Island ",NA
175.672882080078,-41.4558486938477,1,399,"North.Island ",NA
175.62646484375,-41.4963531494141,1,400,"North.Island ",NA
175.57145690918,-41.5197296142578,1,401,"North.Island ",NA
175.516448974609,-41.5413284301758,1,402,"North.Island ",NA
175.476913452148,-41.5755348205566,1,403,"North.Island ",NA
175.427642822266,-41.6061325073242,1,404,"North.Island ",NA
175.365188598633,-41.6088256835938,1,405,"North.Island ",NA
175.310760498047,-41.635871887207,1,406,"North.Island ",NA
175.248306274414,-41.6322593688965,1,407,"North.Island ",NA
175.212783813477,-41.5926704406738,1,408,"North.Island ",NA
175.204193115234,-41.5458602905273,1,409,"North.Island ",NA
175.207626342773,-41.4972724914551,1,410,"North.Island ",NA
175.192733764648,-41.4486274719238,1,411,"North.Island ",NA
175.138870239258,-41.4270286560059,1,412,"North.Island ",NA
175.080444335938,-41.4036521911621,1,413,"North.Island ",NA
175.0185546875,-41.4099502563477,1,414,"North.Island ",NA
174.966415405273,-41.4315528869629,1,415,"North.Island ",NA
174.914276123047,-41.4585380554199,1,416,"North.Island ",NA
174.862701416016,-41.4279403686523,1,417,"North.Island ",NA
174.842651367188,-41.3829650878906,1,418,"North.Island ",NA
174.879333496094,-41.3397636413574,1,419,"North.Island ",NA
174.904541015625,-41.2929534912109,1,420,"North.Island ",NA
174.869583129883,-41.2497520446777,1,421,"North.Island ",NA
174.808288574219,-41.2767372131348,1,422,"North.Island ",NA
174.797393798828,-41.3217163085938,1,423,"North.Island ",NA
174.789367675781,-41.3667488098145,1,424,"North.Island ",NA
174.726928710938,-41.3748321533203,1,425,"North.Island ",NA
174.669036865234,-41.3604507446289,1,426,"North.Island ",NA
174.639251708984,-41.3136405944824,1,427,"North.Island ",NA
174.640396118164,-41.2632179260254,1,428,"North.Island ",NA
174.694839477539,-41.2398414611816,1,429,"North.Island ",NA
174.738952636719,-41.199333190918,1,430,"North.Island ",NA
174.777908325195,-41.1651268005371,1,431,"North.Island ",NA
174.815155029297,-41.127368927002,1,432,"North.Island ",NA
174.877029418945,-41.1237602233887,1,433,"North.Island ",NA
174.842071533203,-41.082332611084,1,434,"North.Island ",NA
174.891357421875,-41.0481300354004,1,435,"North.Island ",NA
174.938339233398,-41.0184478759766,1,436,"North.Island ",NA
174.938339233398,-41.0202255249023,1,437,"North.Island ",NA
174.975006103516,-40.9752464294434,1,438,"North.Island ",NA
174.983032226562,-40.9248275756836,1,439,"North.Island ",NA
175.028289794922,-40.8870697021484,1,440,"North.Island ",NA
175.070129394531,-40.8528633117676,1,441,"North.Island ",NA
175.099914550781,-40.8114395141602,1,442,"North.Island ",NA
175.124542236328,-40.769157409668,1,443,"North.Island ",NA
175.154342651367,-40.7277297973633,1,444,"North.Island ",NA
175.174392700195,-40.6845321655273,1,445,"North.Island ",NA
175.181274414062,-40.6377182006836,1,446,"North.Island ",NA
175.196166992188,-40.5909690856934,1,447,"North.Island ",NA
175.206481933594,-40.5405464172363,1,448,"North.Island ",NA
175.221389770508,-40.4955711364746,1,449,"North.Island ",NA
175.224807739258,-40.4505348205566,1,450,"North.Island ",NA
175.232833862305,-40.4037246704102,1,451,"North.Island ",NA
175.234558105469,-40.3533592224121,1,452,"North.Island ",NA
175.228256225586,-40.3065490722656,1,453,"North.Island ",NA
175.221939086914,-40.2597389221191,1,454,"North.Island ",NA
175.205902099609,-40.2093200683594,1,455,"North.Island ",NA
175.185852050781,-40.1607284545898,1,456,"North.Island ",NA
175.16064453125,-40.1175308227539,1,457,"North.Island ",NA
175.122833251953,-40.0797157287598,1,458,"North.Island ",NA
175.084442138672,-40.0383453369141,1,459,"North.Island ",NA
175.045486450195,-40.0023651123047,1,460,"North.Island ",NA
174.999649047852,-39.9699363708496,1,461,"North.Island ",NA
174.940063476562,-39.9357299804688,1,462,"North.Island ",NA
174.885620117188,-39.9069671630859,1,463,"North.Island ",NA
174.826034545898,-39.8835334777832,1,464,"North.Island ",NA
174.767608642578,-39.8880615234375,1,465,"North.Island ",NA
174.70915222168,-39.8844528198242,1,466,"North.Island ",NA
174.658721923828,-39.8592414855957,1,467,"North.Island ",NA
174.602005004883,-39.8394165039062,1,468,"North.Island ",NA
174.540710449219,-39.8232612609863,1,469,"North.Island ",NA
174.500595092773,-39.7890548706055,1,470,"North.Island ",NA
174.449600219727,-39.7629280090332,1,471,"North.Island ",NA
174.408920288086,-39.7287216186523,1,472,"North.Island ",NA
174.370529174805,-39.6873550415039,1,473,"North.Island ",NA
174.320693969727,-39.6495399475098,1,474,"North.Island ",NA
174.252517700195,-39.6279373168945,1,475,"North.Island ",NA
174.19807434082,-39.5937309265137,1,476,"North.Island ",NA
174.135055541992,-39.5919570922852,1,477,"North.Island ",NA
174.074325561523,-39.5856552124023,1,478,"North.Island ",NA
174.018173217773,-39.5640563964844,1,479,"North.Island ",NA
173.961441040039,-39.5424537658691,1,480,"North.Island ",NA
173.909881591797,-39.5154647827148,1,481,"North.Island ",NA
173.87434387207,-39.4758186340332,1,482,"North.Island ",NA
173.830810546875,-39.4434432983398,1,483,"North.Island ",NA
173.792999267578,-39.4020233154297,1,484,"North.Island ",NA
173.774078369141,-39.3570442199707,1,485,"North.Island ",NA
173.764343261719,-39.3066215515137,1,486,"North.Island ",NA
173.77294921875,-39.2598686218262,1,487,"North.Island ",NA
173.78840637207,-39.2148361206055,1,488,"North.Island ",NA
173.827941894531,-39.1752433776855,1,489,"North.Island ",NA
173.874923706055,-39.1428718566895,1,490,"North.Island ",NA
173.930511474609,-39.1212692260742,1,491,"North.Island ",NA
173.98779296875,-39.1023635864258,1,492,"North.Island ",NA
174.029632568359,-39.0699348449707,1,493,"North.Island ",NA
174.0869140625,-39.0591659545898,1,494,"North.Island ",NA
174.137908935547,-39.0321197509766,1,495,"North.Island ",NA
174.188339233398,-39.0087432861328,1,496,"North.Island ",NA
174.243911743164,-38.9952201843262,1,497,"North.Island ",NA
174.308654785156,-38.9970550537109,1,498,"North.Island ",NA
174.36653137207,-39.0060501098633,1,499,"North.Island ",NA
174.426696777344,-38.9916687011719,1,500,"North.Island ",NA
174.465072631836,-38.9538536071777,1,501,"North.Island ",NA
174.504608154297,-38.9169578552246,1,502,"North.Island ",NA
174.552734375,-38.880916595459,1,503,"North.Island ",NA
174.584259033203,-38.8431587219238,1,504,"North.Island ",NA
174.603729248047,-38.7963485717773,1,505,"North.Island ",NA
174.614624023438,-38.7477607727051,1,506,"North.Island ",NA
174.622634887695,-38.7009506225586,1,507,"North.Island ",NA
174.627227783203,-38.6505317687988,1,508,"North.Island ",NA
174.637542724609,-38.6001663208008,1,509,"North.Island ",NA
174.640975952148,-38.5524406433105,1,510,"North.Island ",NA
174.637542724609,-38.5056266784668,1,511,"North.Island ",NA
174.643844604492,-38.4588165283203,1,512,"North.Island ",NA
174.640396118164,-38.4120635986328,1,513,"North.Island ",NA
174.679351806641,-38.3742485046387,1,514,"North.Island ",NA
174.713165283203,-38.3310470581055,1,515,"North.Island ",NA
174.718902587891,-38.284236907959,1,516,"North.Island ",NA
174.717758178711,-38.235652923584,1,517,"North.Island ",NA
174.702850341797,-38.1888427734375,1,518,"North.Island ",NA
174.687957763672,-38.1420288085938,1,519,"North.Island ",NA
174.745254516602,-38.1384201049805,1,520,"North.Island ",NA
174.802551269531,-38.1501655578613,1,521,"North.Island ",NA
174.853546142578,-38.1735420227051,1,522,"North.Island ",NA
174.837509155273,-38.1285629272461,1,523,"North.Island ",NA
174.899383544922,-38.1429443359375,1,524,"North.Island ",NA
174.889068603516,-38.0979690551758,1,525,"North.Island ",NA
174.840362548828,-38.0709228515625,1,526,"North.Island ",NA
174.795669555664,-38.1015205383301,1,527,"North.Island ",NA
174.799118041992,-38.0529327392578,1,528,"North.Island ",NA
174.855834960938,-38.0367202758789,1,529,"North.Island ",NA
174.889068603516,-37.997127532959,1,530,"North.Island ",NA
174.829483032227,-37.9917411804199,1,531,"North.Island ",NA
174.787658691406,-37.9575347900391,1,532,"North.Island ",NA
174.772750854492,-37.9089508056641,1,533,"North.Island ",NA
174.785354614258,-37.8621406555176,1,534,"North.Island ",NA
174.847244262695,-37.8351516723633,1,535,"North.Island ",NA
174.908554077148,-37.8333206176758,1,536,"North.Island ",NA
174.965270996094,-37.8234634399414,1,537,"North.Island ",NA
174.966415405273,-37.7748222351074,1,538,"North.Island ",NA
174.91943359375,-37.8009490966797,1,539,"North.Island ",NA
174.865005493164,-37.8243255615234,1,540,"North.Island ",NA
174.836929321289,-37.7793464660645,1,541,"North.Island ",NA
174.826614379883,-37.732536315918,1,542,"North.Island ",NA
174.811706542969,-37.6839485168457,1,543,"North.Island ",NA
174.789932250977,-37.638973236084,1,544,"North.Island ",NA
174.77734375,-37.5921630859375,1,545,"North.Island ",NA
174.754989624023,-37.545352935791,1,546,"North.Island ",NA
174.733215332031,-37.4931564331055,1,547,"North.Island ",NA
174.714309692383,-37.4499549865723,1,548,"North.Island ",NA
174.726928710938,-37.4049186706543,1,549,"North.Island ",NA
174.777908325195,-37.3725471496582,1,550,"North.Island ",NA
174.728637695312,-37.3995323181152,1,551,"North.Island ",NA
174.69367980957,-37.3599433898926,1,552,"North.Island ",NA
174.667907714844,-37.3131332397461,1,553,"North.Island ",NA
174.643264770508,-37.2681541442871,1,554,"North.Island ",NA
174.615188598633,-37.2213439941406,1,555,"North.Island ",NA
174.593414306641,-37.1709251403809,1,556,"North.Island ",NA
174.567642211914,-37.1241722106934,1,557,"North.Island ",NA
174.551010131836,-37.0791358947754,1,558,"North.Island ",NA
174.611755371094,-37.0665321350098,1,559,"North.Island ",NA
174.670196533203,-37.070140838623,1,560,"North.Island ",NA
174.675933837891,-37.1241722106934,1,561,"North.Island ",NA
174.695404052734,-37.1709251403809,1,562,"North.Island ",NA
174.714309692383,-37.2213439941406,1,563,"North.Island ",NA
174.761291503906,-37.1952171325684,1,564,"North.Island ",NA
174.713165283203,-37.1673736572266,1,565,"North.Island ",NA
174.771026611328,-37.1340255737305,1,566,"North.Island ",NA
174.822601318359,-37.1124229431152,1,567,"North.Island ",NA
174.874160766602,-37.092658996582,1,568,"North.Island ",NA
174.934906005859,-37.0962677001953,1,569,"North.Island ",NA
174.878189086914,-37.0800514221191,1,570,"North.Island ",NA
174.836929321289,-37.042236328125,1,571,"North.Island ",NA
174.772171020508,-37.0260200500488,1,572,"North.Island ",NA
174.780197143555,-36.9810447692871,1,573,"North.Island ",NA
174.828903198242,-36.9594459533691,1,574,"North.Island ",NA
174.772750854492,-36.9558334350586,1,575,"North.Island ",NA
174.709716796875,-36.9558334350586,1,576,"North.Island ",NA
174.6650390625,-36.9837379455566,1,577,"North.Island ",NA
174.626647949219,-37.0179443359375,1,578,"North.Island ",NA
174.572784423828,-37.0323257446289,1,579,"North.Island ",NA
174.530395507812,-37.0665321350098,1,580,"North.Island ",NA
174.498306274414,-37.0287704467773,1,581,"North.Island ",NA
174.480545043945,-36.9855690002441,1,582,"North.Island ",NA
174.470809936523,-36.9369277954102,1,583,"North.Island ",NA
174.449600219727,-36.8883438110352,1,584,"North.Island ",NA
174.432418823242,-36.8397521972656,1,585,"North.Island ",NA
174.40950012207,-36.7983322143555,1,586,"North.Island ",NA
174.379699707031,-36.7569618225098,1,587,"North.Island ",NA
174.350479125977,-36.7137603759766,1,588,"North.Island ",NA
174.316116333008,-36.6759452819824,1,589,"North.Island ",NA
174.284027099609,-36.6309661865234,1,590,"North.Island ",NA
174.25422668457,-36.590461730957,1,591,"North.Island ",NA
174.215850830078,-36.5508689880371,1,592,"North.Island ",NA
174.179168701172,-36.513053894043,1,593,"North.Island ",NA
174.184906005859,-36.4626350402832,1,594,"North.Island ",NA
174.240478515625,-36.4401741027832,1,595,"North.Island ",NA
174.274856567383,-36.4779281616211,1,596,"North.Island ",NA
174.304656982422,-36.5193557739258,1,597,"North.Island ",NA
174.334442138672,-36.5607223510742,1,598,"North.Island ",NA
174.386581420898,-36.5787696838379,1,599,"North.Island ",NA
174.360229492188,-36.6201362609863,1,600,"North.Island ",NA
174.410064697266,-36.6453475952148,1,601,"North.Island ",NA
174.457626342773,-36.6705589294434,1,602,"North.Island ",NA
174.454193115234,-36.6201362609863,1,603,"North.Island ",NA
174.428970336914,-36.5787696838379,1,604,"North.Island ",NA
174.43928527832,-36.5283508300781,1,605,"North.Island ",NA
174.434143066406,-36.4815406799316,1,606,"North.Island ",NA
174.436431884766,-36.4311180114746,1,607,"North.Island ",NA
174.432983398438,-36.3843650817871,1,608,"North.Island ",NA
174.393463134766,-36.4203491210938,1,609,"North.Island ",NA
174.337295532227,-36.4023590087891,1,610,"North.Island ",NA
174.281158447266,-36.4005241394043,1,611,"North.Island ",NA
174.285171508789,-36.3537712097168,1,612,"North.Island ",NA
174.338439941406,-36.3375549316406,1,613,"North.Island ",NA
174.394027709961,-36.3303375244141,1,614,"North.Island ",NA
174.438140869141,-36.297966003418,1,615,"North.Island ",NA
174.502883911133,-36.2790603637695,1,616,"North.Island ",NA
174.444458007812,-36.2790603637695,1,617,"North.Island ",NA
174.387145996094,-36.2943534851074,1,618,"North.Island ",NA
174.340744018555,-36.324951171875,1,619,"North.Island ",NA
174.290893554688,-36.3033485412598,1,620,"North.Island ",NA
174.314971923828,-36.2619247436523,1,621,"North.Island ",NA
174.360229492188,-36.2925224304199,1,622,"North.Island ",NA
174.334442138672,-36.2493209838867,1,623,"North.Island ",NA
174.392303466797,-36.2205581665039,1,624,"North.Island ",NA
174.411209106445,-36.1746673583984,1,625,"North.Island ",NA
174.373977661133,-36.2097282409668,1,626,"North.Island ",NA
174.332153320312,-36.2421569824219,1,627,"North.Island ",NA
174.287460327148,-36.2115631103516,1,628,"North.Island ",NA
174.246200561523,-36.1773567199707,1,629,"North.Island ",NA
174.278289794922,-36.1395416259766,1,630,"North.Island ",NA
174.222717285156,-36.1449279785156,1,631,"North.Island ",NA
174.235321044922,-36.1899604797363,1,632,"North.Island ",NA
174.276000976562,-36.2241668701172,1,633,"North.Island ",NA
174.267974853516,-36.2709197998047,1,634,"North.Island ",NA
174.209533691406,-36.2529296875,1,635,"North.Island ",NA
174.164855957031,-36.2241668701172,1,636,"North.Island ",NA
174.137344360352,-36.1755218505859,1,637,"North.Island ",NA
174.077178955078,-36.1836624145508,1,638,"North.Island ",NA
174.031921386719,-36.1512298583984,1,639,"North.Island ",NA
174.054840087891,-36.203426361084,1,640,"North.Island ",NA
174.095504760742,-36.2394676208496,1,641,"North.Island ",NA
174.127593994141,-36.2772254943848,1,642,"North.Island ",NA
174.161407470703,-36.3168754577637,1,643,"North.Island ",NA
174.191207885742,-36.3627662658691,1,644,"North.Island ",NA
174.158538818359,-36.4014434814453,1,645,"North.Island ",NA
174.10009765625,-36.4086608886719,1,646,"North.Island ",NA
174.042236328125,-36.3996658325195,1,647,"North.Island ",NA
174.043960571289,-36.3510208129883,1,648,"North.Island ",NA
174.020462036133,-36.3024368286133,1,649,"North.Island ",NA
173.995819091797,-36.2556228637695,1,650,"North.Island ",NA
173.968322753906,-36.2106475830078,1,651,"North.Island ",NA
173.936233520508,-36.1728324890137,1,652,"North.Island ",NA
173.898986816406,-36.1296310424805,1,653,"North.Island ",NA
173.865188598633,-36.0882606506348,1,654,"North.Island ",NA
173.829086303711,-36.0450592041016,1,655,"North.Island ",NA
173.792999267578,-36.0045547485352,1,656,"North.Island ",NA
173.756896972656,-35.9649620056152,1,657,"North.Island ",NA
173.719085693359,-35.9271469116211,1,658,"North.Island ",NA
173.680694580078,-35.8821716308594,1,659,"North.Island ",NA
173.645172119141,-35.8425216674805,1,660,"North.Island ",NA
173.610229492188,-35.8065376281738,1,661,"North.Island ",NA
173.570114135742,-35.7741661071777,1,662,"North.Island ",NA
173.538604736328,-35.7327423095703,1,663,"North.Island ",NA
173.50537109375,-35.6949272155762,1,664,"North.Island ",NA
173.472137451172,-35.6553344726562,1,665,"North.Island ",NA
173.436050415039,-35.6175193786621,1,666,"North.Island ",NA
173.395935058594,-35.5743179321289,1,667,"North.Island ",NA
173.397079467773,-35.5221252441406,1,668,"North.Island ",NA
173.416564941406,-35.4717597961426,1,669,"North.Island ",NA
173.451507568359,-35.4339447021484,1,670,"North.Island ",NA
173.507095336914,-35.4483261108398,1,671,"North.Island ",NA
173.564376831055,-35.4285583496094,1,672,"North.Island ",NA
173.566101074219,-35.3799743652344,1,673,"North.Island ",NA
173.617095947266,-35.3610649108887,1,674,"North.Island ",NA
173.579284667969,-35.3259429931641,1,675,"North.Island ",NA
173.543762207031,-35.2863502502441,1,676,"North.Island ",NA
173.537460327148,-35.3331642150879,1,677,"North.Island ",NA
173.542037963867,-35.3835258483887,1,678,"North.Island ",NA
173.484741210938,-35.3817481994629,1,679,"North.Island ",NA
173.438339233398,-35.4069595336914,1,680,"North.Island ",NA
173.39421081543,-35.4357223510742,1,681,"North.Island ",NA
173.385620117188,-35.4843673706055,1,682,"North.Island ",NA
173.368438720703,-35.5284233093262,1,683,"North.Island ",NA
173.326034545898,-35.4834480285645,1,684,"North.Island ",NA
173.29508972168,-35.4456329345703,1,685,"North.Island ",NA
173.252700805664,-35.4060401916504,1,686,"North.Island ",NA
173.244094848633,-35.3610649108887,1,687,"North.Island ",NA
173.272171020508,-35.3160285949707,1,688,"North.Island ",NA
173.234939575195,-35.3520698547363,1,689,"North.Island ",NA
173.188537597656,-35.325023651123,1,690,"North.Island ",NA
173.212585449219,-35.271053314209,1,691,"North.Island ",NA
173.157592773438,-35.2836570739746,1,692,"North.Island ",NA
173.120330810547,-35.2458419799805,1,693,"North.Island ",NA
173.076797485352,-35.2098617553711,1,694,"North.Island ",NA
173.120910644531,-35.1792640686035,1,695,"North.Island ",NA
173.169631958008,-35.1576652526855,1,696,"North.Island ",NA
173.186813354492,-35.1126289367676,1,697,"North.Island ",NA
173.182220458984,-35.0622673034668,1,698,"North.Island ",NA
173.169052124023,-35.0172309875488,1,699,"North.Island ",NA
173.144973754883,-34.9722557067871,1,700,"North.Island ",NA
173.117477416992,-34.9308319091797,1,701,"North.Island ",NA
173.080230712891,-34.8894653320312,1,702,"North.Island ",NA
173.047012329102,-34.846263885498,1,703,"North.Island ",NA
173.014343261719,-34.8084487915039,1,704,"North.Island ",NA
172.970230102539,-34.7598609924316,1,705,"North.Island ",NA
172.935287475586,-34.7166595458984,1,706,"North.Island ",NA
172.895751953125,-34.6716232299805,1,707,"North.Island ",NA
172.861938476562,-34.630256652832,1,708,"North.Island ",NA
172.816101074219,-34.5906677246094,1,709,"North.Island ",NA
172.772552490234,-34.5519332885742,1,710,"North.Island ",NA
172.722717285156,-34.5267219543457,1,711,"North.Island ",NA
172.698638916016,-34.4853553771973,1,712,"North.Island ",NA
172.690048217773,-34.4385452270508,1,713,"North.Island ",NA
172.74333190918,-34.4421539306641,1,714,"North.Island ",NA
172.639053344727,-40.5135612487793,2,716,"South.Island ",NA
172.702651977539,-40.5081176757812,2,717,"South.Island ",NA
172.769119262695,-40.509952545166,2,718,"South.Island ",NA
172.843612670898,-40.5135612487793,2,719,"South.Island ",NA
172.902618408203,-40.5225563049316,2,720,"South.Island ",NA
172.96907043457,-40.5351600646973,2,721,"South.Island ",NA
172.902618408203,-40.5297164916992,2,722,"South.Island ",NA
172.84130859375,-40.5225563049316,2,723,"South.Island ",NA
172.781143188477,-40.5171699523926,2,724,"South.Island ",NA
172.721557617188,-40.5351600646973,2,725,"South.Island ",NA
172.692916870117,-40.5747528076172,2,726,"South.Island ",NA
172.678588867188,-40.6197280883789,2,727,"South.Island ",NA
172.652236938477,-40.6611557006836,2,728,"South.Island ",NA
172.685470581055,-40.7007446289062,2,729,"South.Island ",NA
172.708953857422,-40.7493324279785,2,730,"South.Island ",NA
172.746780395508,-40.7853698730469,2,731,"South.Island ",NA
172.794326782227,-40.817741394043,2,732,"South.Island ",NA
172.846481323242,-40.8411178588867,2,733,"South.Island ",NA
172.906066894531,-40.8249626159668,2,734,"South.Island ",NA
172.95361328125,-40.796142578125,2,735,"South.Island ",NA
173.01091003418,-40.8123588562012,2,736,"South.Island ",NA
173.020065307617,-40.8573341369629,2,737,"South.Island ",NA
173.046432495117,-40.8987579345703,2,738,"South.Island ",NA
173.058471679688,-40.9455718994141,2,739,"South.Island ",NA
173.03955078125,-40.98876953125,2,740,"South.Island ",NA
173.015487670898,-41.0319709777832,2,741,"South.Island ",NA
173.005752563477,-41.0787239074707,2,742,"South.Island ",NA
173.025238037109,-41.1219253540039,2,743,"South.Island ",NA
173.015487670898,-41.1669616699219,2,744,"South.Island ",NA
173.06591796875,-41.1921691894531,2,745,"South.Island ",NA
173.08251953125,-41.2137718200684,2,746,"South.Island ",NA
173.106597900391,-41.2551383972168,2,747,"South.Island ",NA
173.140396118164,-41.2965621948242,2,748,"South.Island ",NA
173.190811157227,-41.3343200683594,2,749,"South.Island ",NA
173.236083984375,-41.2929534912109,2,750,"South.Island ",NA
173.291076660156,-41.2677421569824,2,751,"South.Island ",NA
173.328903198242,-41.2299270629883,2,752,"South.Island ",NA
173.338638305664,-41.2101631164551,2,753,"South.Island ",NA
173.386199951172,-41.1759567260742,2,754,"South.Island ",NA
173.445785522461,-41.1741218566895,2,755,"South.Island ",NA
173.498504638672,-41.1489715576172,2,756,"South.Island ",NA
173.521987915039,-41.1075439453125,2,757,"South.Island ",NA
173.571838378906,-41.0769500732422,2,758,"South.Island ",NA
173.631423950195,-41.0805587768555,2,759,"South.Island ",NA
173.66064453125,-41.1201515197754,2,760,"South.Island ",NA
173.698455810547,-41.082332611084,2,761,"South.Island ",NA
173.758041381836,-41.0625686645508,2,762,"South.Island ",NA
173.695587158203,-41.0625686645508,2,763,"South.Island ",NA
173.714492797852,-41.0157585144043,2,764,"South.Island ",NA
173.771224975586,-40.9941558837891,2,765,"South.Island ",NA
173.811340332031,-40.960865020752,2,766,"South.Island ",NA
173.847991943359,-41.0004577636719,2,767,"South.Island ",NA
173.900146484375,-40.9698600769043,2,768,"South.Island ",NA
173.938522338867,-40.9230499267578,2,769,"South.Island ",NA
174.002700805664,-40.917667388916,2,770,"South.Island ",NA
173.955703735352,-40.9518699645996,2,771,"South.Island ",NA
173.904724121094,-40.9842414855957,2,772,"South.Island ",NA
173.876647949219,-41.0274429321289,2,773,"South.Island ",NA
173.826217651367,-41.0022315979004,2,774,"South.Island ",NA
173.776947021484,-41.0319709777832,2,775,"South.Island ",NA
173.784393310547,-41.0769500732422,2,776,"South.Island ",NA
173.77294921875,-41.1219253540039,2,777,"South.Island ",NA
173.815338134766,-41.0895538330078,2,778,"South.Island ",NA
173.870346069336,-41.065258026123,2,779,"South.Island ",NA
173.929931640625,-41.0706443786621,2,780,"South.Island ",NA
173.872634887695,-41.0904693603516,2,781,"South.Island ",NA
173.859466552734,-41.1363639831543,2,782,"South.Island ",NA
173.809036254883,-41.1615180969238,2,783,"South.Island ",NA
173.866897583008,-41.1885604858398,2,784,"South.Island ",NA
173.853164672852,-41.2371482849121,2,785,"South.Island ",NA
173.803314208984,-41.2641334533691,2,786,"South.Island ",NA
173.743713378906,-41.2695198059082,2,787,"South.Island ",NA
173.801025390625,-41.2857322692871,2,788,"South.Island ",NA
173.856018066406,-41.2677421569824,2,789,"South.Island ",NA
173.908157348633,-41.2407569885254,2,790,"South.Island ",NA
173.968322753906,-41.225456237793,2,791,"South.Island ",NA
174.025039672852,-41.2110214233398,2,792,"South.Island ",NA
174.08464050293,-41.2020263671875,2,793,"South.Island ",NA
174.031921386719,-41.1732597351074,2,794,"South.Island ",NA
173.982070922852,-41.2074661254883,2,795,"South.Island ",NA
173.920196533203,-41.2083282470703,2,796,"South.Island ",NA
173.873794555664,-41.1705703735352,2,797,"South.Island ",NA
173.916748046875,-41.1372261047363,2,798,"South.Island ",NA
173.94482421875,-41.0958557128906,2,799,"South.Island ",NA
173.962020874023,-41.1408348083496,2,800,"South.Island ",NA
174.009002685547,-41.1084594726562,2,801,"South.Island ",NA
174.034790039062,-41.065258026123,2,802,"South.Island ",NA
173.975189208984,-41.0562629699707,2,803,"South.Island ",NA
173.969467163086,-41.01123046875,2,804,"South.Island ",NA
174.011871337891,-40.9788589477539,2,805,"South.Island ",NA
174.022186279297,-41.0238342285156,2,806,"South.Island ",NA
174.082336425781,-41.0346641540527,2,807,"South.Island ",NA
174.144226074219,-41.032829284668,2,808,"South.Island ",NA
174.149368286133,-40.9878540039062,2,809,"South.Island ",NA
174.197494506836,-41.0166168212891,2,810,"South.Island ",NA
174.173446655273,-41.0580406188965,2,811,"South.Island ",NA
174.221572875977,-41.0868606567383,2,812,"South.Island ",NA
174.267395019531,-41.0508232116699,2,813,"South.Island ",NA
174.307510375977,-41.0166168212891,2,814,"South.Island ",NA
174.277145385742,-41.0580406188965,2,815,"South.Island ",NA
174.255386352539,-41.104850769043,2,816,"South.Island ",NA
174.225006103516,-41.1444396972656,2,817,"South.Island ",NA
174.188339233398,-41.1030197143555,2,818,"South.Island ",NA
174.169998168945,-41.149829864502,2,819,"South.Island ",NA
174.194641113281,-41.1984176635742,2,820,"South.Island ",NA
174.142501831055,-41.2218475341797,2,821,"South.Island ",NA
174.080627441406,-41.2416191101074,2,822,"South.Island ",NA
174.018737792969,-41.2434501647949,2,823,"South.Island ",NA
173.961441040039,-41.2623596191406,2,824,"South.Island ",NA
173.91389465332,-41.2911186218262,2,825,"South.Island ",NA
173.973480224609,-41.2803497314453,2,826,"South.Island ",NA
174.035919189453,-41.275821685791,2,827,"South.Island ",NA
174.093231201172,-41.2578315734863,2,828,"South.Island ",NA
174.152816772461,-41.2434501647949,2,829,"South.Island ",NA
174.191772460938,-41.2794342041016,2,830,"South.Island ",NA
174.250793457031,-41.2596626281738,2,831,"South.Island ",NA
174.317825317383,-41.2290687561035,2,832,"South.Island ",NA
174.287460327148,-41.2704391479492,2,833,"South.Island ",NA
174.237609863281,-41.302864074707,2,834,"South.Island ",NA
174.204956054688,-41.3424606323242,2,835,"South.Island ",NA
174.149948120117,-41.3640594482422,2,836,"South.Island ",NA
174.173446655273,-41.320858001709,2,837,"South.Island ",NA
174.116134643555,-41.3406257629395,2,838,"South.Island ",NA
174.080627441406,-41.3676681518555,2,839,"South.Island ",NA
174.054840087891,-41.4099502563477,2,840,"South.Island ",NA
174.036499023438,-41.4531517028809,2,841,"South.Island ",NA
174.041656494141,-41.4999618530273,2,842,"South.Island ",NA
174.08576965332,-41.535945892334,2,843,"South.Island ",NA
174.141357421875,-41.5611534118652,2,844,"South.Island ",NA
174.163711547852,-41.6061325073242,2,845,"South.Island ",NA
174.162551879883,-41.6655464172363,2,846,"South.Island ",NA
174.172866821289,-41.7105255126953,2,847,"South.Island ",NA
174.22444152832,-41.7411193847656,2,848,"South.Island ",NA
174.249069213867,-41.782543182373,2,849,"South.Island ",NA
174.216400146484,-41.8257446289062,2,850,"South.Island ",NA
174.180892944336,-41.8635597229004,2,851,"South.Island ",NA
174.147659301758,-41.9013175964355,2,852,"South.Island ",NA
174.104690551758,-41.9337501525879,2,853,"South.Island ",NA
174.062866210938,-41.971565246582,2,854,"South.Island ",NA
174.017593383789,-42.0129356384277,2,855,"South.Island ",NA
173.981506347656,-42.0525245666504,2,856,"South.Island ",NA
173.943695068359,-42.1029472351074,2,857,"South.Island ",NA
173.939666748047,-42.1497573852539,2,858,"South.Island ",NA
173.908737182617,-42.1983413696289,2,859,"South.Island ",NA
173.865188598633,-42.230770111084,2,860,"South.Island ",NA
173.810180664062,-42.2649192810059,2,861,"South.Island ",NA
173.761489868164,-42.2937393188477,2,862,"South.Island ",NA
173.728256225586,-42.3351669311523,2,863,"South.Island ",NA
173.696731567383,-42.3801422119141,2,864,"South.Island ",NA
173.716796875,-42.4251174926758,2,865,"South.Island ",NA
173.653182983398,-42.4161224365234,2,866,"South.Island ",NA
173.594741821289,-42.4305610656738,2,867,"South.Island ",NA
173.551208496094,-42.4647674560547,2,868,"South.Island ",NA
173.520278930664,-42.5070495605469,2,869,"South.Island ",NA
173.505935668945,-42.5538597106934,2,870,"South.Island ",NA
173.479019165039,-42.6042251586914,2,871,"South.Island ",NA
173.451507568359,-42.6528663635254,2,872,"South.Island ",NA
173.427444458008,-42.6978454589844,2,873,"South.Island ",NA
173.400527954102,-42.7464332580566,2,874,"South.Island ",NA
173.366714477539,-42.7842483520508,2,875,"South.Island ",NA
173.335205078125,-42.8346672058105,2,876,"South.Island ",NA
173.3203125,-42.8814239501953,2,877,"South.Island ",NA
173.286499023438,-42.921070098877,2,878,"South.Island ",NA
173.242385864258,-42.9552192687988,2,879,"South.Island ",NA
173.185668945312,-42.9804306030273,2,880,"South.Island ",NA
173.131805419922,-43.0092506408691,2,881,"South.Island ",NA
173.099716186523,-43.0488433837891,2,882,"South.Island ",NA
173.033248901367,-43.0560607910156,2,883,"South.Island ",NA
172.971939086914,-43.0776634216309,2,884,"South.Island ",NA
172.914657592773,-43.0992622375488,2,885,"South.Island ",NA
172.85563659668,-43.1208610534668,2,886,"South.Island ",NA
172.791458129883,-43.1496238708496,2,887,"South.Island ",NA
172.75651550293,-43.1955146789551,2,888,"South.Island ",NA
172.737045288086,-43.2423286437988,2,889,"South.Island ",NA
172.711822509766,-43.2855262756348,2,890,"South.Island ",NA
172.705520629883,-43.3323402404785,2,891,"South.Island ",NA
172.705520629883,-43.379150390625,2,892,"South.Island ",NA
172.685470581055,-43.3971405029297,2,893,"South.Island ",NA
172.710098266602,-43.4403419494629,2,894,"South.Island ",NA
172.719848632812,-43.4943733215332,2,895,"South.Island ",NA
172.739318847656,-43.5375137329102,2,896,"South.Island ",NA
172.778854370117,-43.5807151794434,2,897,"South.Island ",NA
172.723861694336,-43.6077575683594,2,898,"South.Island ",NA
172.659103393555,-43.616756439209,2,899,"South.Island ",NA
172.666564941406,-43.6635665893555,2,900,"South.Island ",NA
172.71125793457,-43.6293601989746,2,901,"South.Island ",NA
172.776000976562,-43.6221389770508,2,902,"South.Island ",NA
172.810943603516,-43.6599540710449,2,903,"South.Island ",NA
172.840744018555,-43.6203651428223,2,904,"South.Island ",NA
172.898040771484,-43.638355255127,2,905,"South.Island ",NA
172.885437011719,-43.6905517578125,2,906,"South.Island ",NA
172.912933349609,-43.6491279602051,2,907,"South.Island ",NA
172.992568969727,-43.6473503112793,2,908,"South.Island ",NA
173.049865722656,-43.6743354797363,2,909,"South.Island ",NA
173.102005004883,-43.7049331665039,2,910,"South.Island ",NA
173.124359130859,-43.7607383728027,2,911,"South.Island ",NA
173.107162475586,-43.8057174682617,2,912,"South.Island ",NA
173.079650878906,-43.8489189147949,2,913,"South.Island ",NA
173.027526855469,-43.8777389526367,2,914,"South.Island ",NA
172.965072631836,-43.8723526000977,2,915,"South.Island ",NA
172.945022583008,-43.827320098877,2,916,"South.Island ",NA
172.962783813477,-43.7823371887207,2,917,"South.Island ",NA
172.915222167969,-43.8129386901855,2,918,"South.Island ",NA
172.917526245117,-43.8579711914062,2,919,"South.Island ",NA
172.927841186523,-43.9029502868652,2,920,"South.Island ",NA
172.864807128906,-43.8867340087891,2,921,"South.Island ",NA
172.800064086914,-43.8759613037109,2,922,"South.Island ",NA
172.737594604492,-43.8489189147949,2,923,"South.Island ",NA
172.678009033203,-43.8327598571777,2,924,"South.Island ",NA
172.610412597656,-43.8345375061035,2,925,"South.Island ",NA
172.548522949219,-43.8399238586426,2,926,"South.Island ",NA
172.483215332031,-43.8471450805664,2,927,"South.Island ",NA
172.415603637695,-43.859748840332,2,928,"South.Island ",NA
172.471176147461,-43.8327598571777,2,929,"South.Island ",NA
172.535934448242,-43.8183250427246,2,930,"South.Island ",NA
172.600662231445,-43.8075485229492,2,931,"South.Island ",NA
172.541076660156,-43.7751235961914,2,932,"South.Island ",NA
172.504425048828,-43.7355308532715,2,933,"South.Island ",NA
172.439102172852,-43.7463569641113,2,934,"South.Island ",NA
172.381805419922,-43.7715682983398,2,935,"South.Island ",NA
172.376068115234,-43.8237648010254,2,936,"South.Island ",NA
172.350860595703,-43.8669662475586,2,937,"South.Island ",NA
172.285537719727,-43.88134765625,2,938,"South.Island ",NA
172.213363647461,-43.9029502868652,2,939,"South.Island ",NA
172.185852050781,-43.8615264892578,2,940,"South.Island ",NA
172.141738891602,-43.8255424499512,2,941,"South.Island ",NA
172.173828125,-43.8687438964844,2,942,"South.Island ",NA
172.185272216797,-43.9065589904785,2,943,"South.Island ",NA
172.119964599609,-43.9299354553223,2,944,"South.Island ",NA
172.059799194336,-43.9533653259277,2,945,"South.Island ",NA
171.996765136719,-43.9794387817383,2,946,"South.Island ",NA
171.932601928711,-44.0064239501953,2,947,"South.Island ",NA
171.869583129883,-44.0334663391113,2,948,"South.Island ",NA
171.808853149414,-44.0550689697266,2,949,"South.Island ",NA
171.748107910156,-44.0820541381836,2,950,"South.Island ",NA
171.692535400391,-44.1090393066406,2,951,"South.Island ",NA
171.631790161133,-44.1306419372559,2,952,"South.Island ",NA
171.576217651367,-44.1576271057129,2,953,"South.Island ",NA
171.522933959961,-44.1864471435547,2,954,"South.Island ",NA
171.485122680664,-44.195442199707,2,955,"South.Island ",NA
171.436416625977,-44.2332572937012,2,956,"South.Island ",NA
171.389999389648,-44.2656288146973,2,957,"South.Island ",NA
171.339019775391,-44.2944488525391,2,958,"South.Island ",NA
171.292602539062,-44.3358154296875,2,959,"South.Island ",NA
171.251358032227,-44.3736305236816,2,960,"South.Island ",NA
171.247344970703,-44.4204444885254,2,961,"South.Island ",NA
171.24333190918,-44.4690284729004,2,962,"South.Island ",NA
171.208953857422,-44.5086212158203,2,963,"South.Island ",NA
171.180297851562,-44.5500450134277,2,964,"South.Island ",NA
171.160827636719,-44.5968551635742,2,965,"South.Island ",NA
171.147079467773,-44.642749786377,2,966,"South.Island ",NA
171.161392211914,-44.6949462890625,2,967,"South.Island ",NA
171.162551879883,-44.7435340881348,2,968,"South.Island ",NA
171.165985107422,-44.792121887207,2,969,"South.Island ",NA
171.167129516602,-44.8443183898926,2,970,"South.Island ",NA
171.160247802734,-44.8911285400391,2,971,"South.Island ",NA
171.143646240234,-44.9361610412598,2,972,"South.Island ",NA
171.130462646484,-44.9595375061035,2,973,"South.Island ",NA
171.103530883789,-45.0063514709473,2,974,"South.Island ",NA
171.063430786133,-45.0477180480957,2,975,"South.Island ",NA
171.011856079102,-45.0819244384766,2,976,"South.Island ",NA
170.964309692383,-45.1161270141602,2,977,"South.Island ",NA
170.937362670898,-45.1575546264648,2,978,"South.Island ",NA
170.90299987793,-45.1971435546875,2,979,"South.Island ",NA
170.875503540039,-45.2403450012207,2,980,"South.Island ",NA
170.853729248047,-45.2835464477539,2,981,"South.Island ",NA
170.826217651367,-45.3267478942871,2,982,"South.Island ",NA
170.822204589844,-45.3717231750488,2,983,"South.Island ",NA
170.856582641602,-45.4131507873535,2,984,"South.Island ",NA
170.809036254883,-45.4473533630371,2,985,"South.Island ",NA
170.818771362305,-45.4941673278809,2,986,"South.Island ",NA
170.768341064453,-45.5283164978027,2,987,"South.Island ",NA
170.738555908203,-45.5715179443359,2,988,"South.Island ",NA
170.716201782227,-45.6147193908691,2,989,"South.Island ",NA
170.660629272461,-45.6471481323242,2,990,"South.Island ",NA
170.638290405273,-45.6939582824707,2,991,"South.Island ",NA
170.593032836914,-45.7281646728516,2,992,"South.Island ",NA
170.555206298828,-45.7704467773438,2,993,"South.Island ",NA
170.615936279297,-45.7866630554199,2,994,"South.Island ",NA
170.681259155273,-45.7785263061523,2,995,"South.Island ",NA
170.638290405273,-45.8172569274902,2,996,"South.Island ",NA
170.584991455078,-45.8514633178711,2,997,"South.Island ",NA
170.547180175781,-45.8910522460938,2,998,"South.Island ",NA
170.610214233398,-45.867618560791,2,999,"South.Island ",NA
170.665786743164,-45.8343315124512,2,1000,"South.Island ",NA
170.713928222656,-45.8019599914551,2,1001,"South.Island ",NA
170.719650268555,-45.8469390869141,2,1002,"South.Island ",NA
170.735687255859,-45.8955230712891,2,1003,"South.Island ",NA
170.670944213867,-45.8982162475586,2,1004,"South.Island ",NA
170.617660522461,-45.9270362854004,2,1005,"South.Island ",NA
170.552917480469,-45.9306449890137,2,1006,"South.Island ",NA
170.485305786133,-45.9378662109375,2,1007,"South.Island ",NA
170.425140380859,-45.9558563232422,2,1008,"South.Island ",NA
170.349517822266,-45.9648513793945,2,1009,"South.Island ",NA
170.293930053711,-45.990062713623,2,1010,"South.Island ",NA
170.250396728516,-46.0296516418457,2,1011,"South.Island ",NA
170.204559326172,-46.0710182189941,2,1012,"South.Island ",NA
170.186218261719,-46.1160545349121,2,1013,"South.Island ",NA
170.173614501953,-46.1628646850586,2,1014,"South.Island ",NA
170.139251708984,-46.204231262207,2,1015,"South.Island ",NA
170.085388183594,-46.2348289489746,2,1016,"South.Island ",NA
170.029235839844,-46.2672576904297,2,1017,"South.Island ",NA
169.971939086914,-46.3068504333496,2,1018,"South.Island ",NA
169.915786743164,-46.3320579528809,2,1019,"South.Island ",NA
169.859649658203,-46.3644332885742,2,1020,"South.Island ",NA
169.79833984375,-46.3878631591797,2,1021,"South.Island ",NA
169.769119262695,-46.4328460693359,2,1022,"South.Island ",NA
169.779434204102,-46.4796524047852,2,1023,"South.Island ",NA
169.74333190918,-46.5183296203613,2,1024,"South.Island ",NA
169.675155639648,-46.5237731933594,2,1025,"South.Island ",NA
169.609252929688,-46.5291595458984,2,1026,"South.Island ",NA
169.679168701172,-46.5381546020508,2,1027,"South.Island ",NA
169.650512695312,-46.5795211791992,2,1028,"South.Island ",NA
169.596084594727,-46.6101150512695,2,1029,"South.Island ",NA
169.530181884766,-46.6173362731934,2,1030,"South.Island ",NA
169.464874267578,-46.6137237548828,2,1031,"South.Island ",NA
169.417877197266,-46.6533164978027,2,1032,"South.Island ",NA
169.348556518555,-46.6713638305664,2,1033,"South.Island ",NA
169.274078369141,-46.6839714050293,2,1034,"South.Island ",NA
169.213912963867,-46.7163429260254,2,1035,"South.Island ",NA
169.13313293457,-46.7145652770996,2,1036,"South.Island ",NA
169.060363769531,-46.7361679077148,2,1037,"South.Island ",NA
168.994476318359,-46.7415542602539,2,1038,"South.Island ",NA
168.916549682617,-46.7271118164062,2,1039,"South.Island ",NA
168.844360351562,-46.7307243347168,2,1040,"South.Island ",NA
168.804260253906,-46.6875228881836,2,1041,"South.Island ",NA
168.770446777344,-46.6497650146484,2,1042,"South.Island ",NA
168.705123901367,-46.6461563110352,2,1043,"South.Island ",NA
168.635223388672,-46.6515426635742,2,1044,"South.Island ",NA
168.571060180664,-46.6695327758789,2,1045,"South.Island ",NA
168.635223388672,-46.6497650146484,2,1046,"South.Island ",NA
168.571060180664,-46.6371612548828,2,1047,"South.Island ",NA
168.53840637207,-46.6785278320312,2,1048,"South.Island ",NA
168.468505859375,-46.6992721557617,2,1049,"South.Island ",NA
168.400894165039,-46.6956596374512,2,1050,"South.Island ",NA
168.465057373047,-46.6794471740723,2,1051,"South.Island ",NA
168.41520690918,-46.6506271362305,2,1052,"South.Island ",NA
168.346466064453,-46.657844543457,2,1053,"South.Island ",NA
168.281707763672,-46.6452407836914,2,1054,"South.Island ",NA
168.3017578125,-46.6884422302246,2,1055,"South.Island ",NA
168.246765136719,-46.6560707092285,2,1056,"South.Island ",NA
168.204940795898,-46.6218643188477,2,1057,"South.Island ",NA
168.270263671875,-46.6272506713867,2,1058,"South.Island ",NA
168.317810058594,-46.5930442810059,2,1059,"South.Island ",NA
168.337295532227,-46.5462341308594,2,1060,"South.Island ",NA
168.266250610352,-46.5516204833984,2,1061,"South.Island ",NA
168.203216552734,-46.5246315002441,2,1062,"South.Island ",NA
168.159683227539,-46.4850425720215,2,1063,"South.Island ",NA
168.097793579102,-46.4490547180176,2,1064,"South.Island ",NA
168.02961730957,-46.4490547180176,2,1065,"South.Island ",NA
167.992370605469,-46.4886512756348,2,1066,"South.Island ",NA
167.931060791016,-46.4706573486328,2,1067,"South.Island ",NA
167.857162475586,-46.4778213500977,2,1068,"South.Island ",NA
167.787826538086,-46.4922561645508,2,1069,"South.Island ",NA
167.723083496094,-46.4850425720215,2,1070,"South.Island ",NA
167.679534912109,-46.4490547180176,2,1071,"South.Island ",NA
167.704742431641,-46.4058570861816,2,1072,"South.Island ",NA
167.656616210938,-46.3626556396484,2,1073,"South.Island ",NA
167.605056762695,-46.3338356018066,2,1074,"South.Island ",NA
167.552337646484,-46.3086280822754,2,1075,"South.Island ",NA
167.484741210938,-46.2834167480469,2,1076,"South.Island ",NA
167.419982910156,-46.2798614501953,2,1077,"South.Island ",NA
167.364990234375,-46.3104591369629,2,1078,"South.Island ",NA
167.336898803711,-46.3554344177246,2,1079,"South.Island ",NA
167.291076660156,-46.3914184570312,2,1080,"South.Island ",NA
167.226318359375,-46.3896408081055,2,1081,"South.Island ",NA
167.156997680664,-46.4022445678711,2,1082,"South.Island ",NA
167.089385986328,-46.4004707336426,2,1083,"South.Island ",NA
167.01203918457,-46.3896408081055,2,1084,"South.Island ",NA
166.947296142578,-46.3833389282227,2,1085,"South.Island ",NA
166.877975463867,-46.3761215209961,2,1086,"South.Island ",NA
166.870529174805,-46.3743438720703,2,1087,"South.Island ",NA
166.802337646484,-46.3743438720703,2,1088,"South.Island ",NA
166.734146118164,-46.3815650939941,2,1089,"South.Island ",NA
166.666549682617,-46.3761215209961,2,1090,"South.Island ",NA
166.609252929688,-46.3545188903809,2,1091,"South.Island ",NA
166.612686157227,-46.3041572570801,2,1092,"South.Island ",NA
166.677429199219,-46.2807235717773,2,1093,"South.Island ",NA
166.703216552734,-46.2375221252441,2,1094,"South.Island ",NA
166.749053955078,-46.2015419006348,2,1095,"South.Island ",NA
166.769683837891,-46.1565628051758,2,1096,"South.Island ",NA
166.834411621094,-46.1367378234863,2,1097,"South.Island ",NA
166.880844116211,-46.0962295532227,2,1098,"South.Island ",NA
166.819534301758,-46.1295204162598,2,1099,"South.Island ",NA
166.753051757812,-46.1439590454102,2,1100,"South.Island ",NA
166.707229614258,-46.1799392700195,2,1101,"South.Island ",NA
166.726135253906,-46.2231407165527,2,1102,"South.Island ",NA
166.661392211914,-46.2195320129395,2,1103,"South.Island ",NA
166.596069335938,-46.2429656982422,2,1104,"South.Island ",NA
166.534194946289,-46.2627334594727,2,1105,"South.Island ",NA
166.549667358398,-46.2177543640137,2,1106,"South.Island ",NA
166.586334228516,-46.1709442138672,2,1107,"South.Island ",NA
166.644195556641,-46.1439590454102,2,1108,"South.Island ",NA
166.715240478516,-46.133129119873,2,1109,"South.Island ",NA
166.651077270508,-46.127742767334,2,1110,"South.Island ",NA
166.649368286133,-46.0773239135742,2,1111,"South.Island ",NA
166.593200683594,-46.1115303039551,2,1112,"South.Island ",NA
166.551956176758,-46.1529541015625,2,1113,"South.Island ",NA
166.491790771484,-46.178165435791,2,1114,"South.Island ",NA
166.425338745117,-46.1925468444824,2,1115,"South.Island ",NA
166.420181274414,-46.1457328796387,2,1116,"South.Island ",NA
166.397262573242,-46.0989227294922,2,1117,"South.Island ",NA
166.396118164062,-46.0449523925781,2,1118,"South.Island ",NA
166.41960144043,-45.9999160766602,2,1119,"South.Island ",NA
166.484344482422,-45.9783172607422,2,1120,"South.Island ",NA
166.550247192383,-45.9711532592773,2,1121,"South.Island ",NA
166.61555480957,-45.962158203125,2,1122,"South.Island ",NA
166.684875488281,-45.9477195739746,2,1123,"South.Island ",NA
166.758224487305,-45.9288711547852,2,1124,"South.Island ",NA
166.822402954102,-45.9306449890137,2,1125,"South.Island ",NA
166.872817993164,-45.8964385986328,2,1126,"South.Island ",NA
166.936401367188,-45.8820571899414,2,1127,"South.Island ",NA
166.861938476562,-45.8802261352539,2,1128,"South.Island ",NA
166.795455932617,-45.8712310791016,2,1129,"South.Island ",NA
166.731872558594,-45.8874435424805,2,1130,"South.Island ",NA
166.723831176758,-45.840633392334,2,1131,"South.Island ",NA
166.790313720703,-45.8244171142578,2,1132,"South.Island ",NA
166.862503051758,-45.8028182983398,2,1133,"South.Island ",NA
166.930114746094,-45.774055480957,2,1134,"South.Island ",NA
166.866500854492,-45.7920455932617,2,1135,"South.Island ",NA
166.797180175781,-45.8082618713379,2,1136,"South.Island ",NA
166.733581542969,-45.8262519836426,2,1137,"South.Island ",NA
166.698638916016,-45.7884368896484,2,1138,"South.Island ",NA
166.749053955078,-45.7542304992676,2,1139,"South.Island ",NA
166.809219360352,-45.725471496582,2,1140,"South.Island ",NA
166.876251220703,-45.725471496582,2,1141,"South.Island ",NA
166.940994262695,-45.720027923584,2,1142,"South.Island ",NA
166.877395629883,-45.7146415710449,2,1143,"South.Island ",NA
166.927810668945,-45.6768264770508,2,1144,"South.Island ",NA
166.984527587891,-45.6516151428223,2,1145,"South.Island ",NA
166.915786743164,-45.6696624755859,2,1146,"South.Island ",NA
166.847030639648,-45.6876525878906,2,1147,"South.Island ",NA
166.789733886719,-45.7164154052734,2,1148,"South.Island ",NA
166.722686767578,-45.7398490905762,2,1149,"South.Island ",NA
166.646499633789,-45.7506217956543,2,1150,"South.Island ",NA
166.654510498047,-45.7002601623535,2,1151,"South.Island ",NA
166.682586669922,-45.6570587158203,2,1152,"South.Island ",NA
166.692901611328,-45.6102485656738,2,1153,"South.Island ",NA
166.723831176758,-45.5670471191406,2,1154,"South.Island ",NA
166.790313720703,-45.5724334716797,2,1155,"South.Island ",NA
166.844161987305,-45.5958671569824,2,1156,"South.Island ",NA
166.833847045898,-45.5508308410645,2,1157,"South.Island ",NA
166.766815185547,-45.5472221374512,2,1158,"South.Island ",NA
166.764526367188,-45.4986343383789,2,1159,"South.Island ",NA
166.805770874023,-45.4518241882324,2,1160,"South.Island ",NA
166.871673583984,-45.4608192443848,2,1161,"South.Island ",NA
166.922668457031,-45.4860305786133,2,1162,"South.Island ",NA
166.993133544922,-45.5004692077637,2,1163,"South.Island ",NA
166.993133544922,-45.5490570068359,2,1164,"South.Island ",NA
166.929534912109,-45.5652694702148,2,1165,"South.Island ",NA
166.999435424805,-45.5634384155273,2,1166,"South.Island ",NA
166.999435424805,-45.5130157470703,2,1167,"South.Island ",NA
167.058456420898,-45.5382270812988,2,1168,"South.Island ",NA
167.08479309082,-45.5796508789062,2,1169,"South.Island ",NA
167.052154541016,-45.6228523254395,2,1170,"South.Island ",NA
167.114028930664,-45.5994186401367,2,1171,"South.Island ",NA
167.090530395508,-45.5526657104492,2,1172,"South.Island ",NA
167.05387878418,-45.509464263916,2,1173,"South.Island ",NA
166.997146606445,-45.487865447998,2,1174,"South.Island ",NA
167.02751159668,-45.4446640014648,2,1175,"South.Island ",NA
167.097412109375,-45.4338340759277,2,1176,"South.Island ",NA
167.140380859375,-45.4662628173828,2,1177,"South.Island ",NA
167.111740112305,-45.4248390197754,2,1178,"South.Island ",NA
167.046417236328,-45.4320602416992,2,1179,"South.Island ",NA
166.979949951172,-45.4320602416992,2,1180,"South.Island ",NA
166.95703125,-45.383472442627,2,1181,"South.Island ",NA
166.951889038086,-45.3366622924805,2,1182,"South.Island ",NA
166.964477539062,-45.2862396240234,2,1183,"South.Island ",NA
167.029235839844,-45.2808570861816,2,1184,"South.Island ",NA
167.065322875977,-45.3258323669434,2,1185,"South.Island ",NA
167.042419433594,-45.2790222167969,2,1186,"South.Island ",NA
167.013198852539,-45.239429473877,2,1187,"South.Island ",NA
167.077926635742,-45.2322692871094,2,1188,"South.Island ",NA
167.103713989258,-45.2754707336426,2,1189,"South.Island ",NA
167.16960144043,-45.2574195861816,2,1190,"South.Island ",NA
167.110015869141,-45.2412643432617,2,1191,"South.Island ",NA
167.071060180664,-45.1998405456543,2,1192,"South.Island ",NA
167.130065917969,-45.1710205078125,2,1193,"South.Island ",NA
167.197677612305,-45.1836242675781,2,1194,"South.Island ",NA
167.263000488281,-45.1926193237305,2,1195,"South.Island ",NA
167.196533203125,-45.1710205078125,2,1196,"South.Island ",NA
167.134094238281,-45.1584701538086,2,1197,"South.Island ",NA
167.148971557617,-45.1134376525879,2,1198,"South.Island ",NA
167.189651489258,-45.0756225585938,2,1199,"South.Island ",NA
167.234359741211,-45.0378646850586,2,1200,"South.Island ",NA
167.291641235352,-45.0000495910645,2,1201,"South.Island ",NA
167.341491699219,-45.0342559814453,2,1202,"South.Island ",NA
167.342071533203,-45.0810661315918,2,1203,"South.Island ",NA
167.354675292969,-45.1314277648926,2,1204,"South.Island ",NA
167.41081237793,-45.1062164306641,2,1205,"South.Island ",NA
167.358108520508,-45.0720710754395,2,1206,"South.Island ",NA
167.355804443359,-45.0162620544434,2,1207,"South.Island ",NA
167.330032348633,-44.9712295532227,2,1208,"South.Island ",NA
167.381591796875,-44.9388580322266,2,1209,"South.Island ",NA
167.432586669922,-44.9091186523438,2,1210,"South.Island ",NA
167.489318847656,-44.9271659851074,2,1211,"South.Island ",NA
167.482437133789,-44.9721450805664,2,1212,"South.Island ",NA
167.504211425781,-45.0135688781738,2,1213,"South.Island ",NA
167.500778198242,-44.9667587280273,2,1214,"South.Island ",NA
167.500198364258,-44.9217224121094,2,1215,"South.Island ",NA
167.494476318359,-44.8767471313477,2,1216,"South.Island ",NA
167.558639526367,-44.8659172058105,2,1217,"South.Island ",NA
167.55061340332,-44.8209419250488,2,1218,"South.Island ",NA
167.60905456543,-44.792121887207,2,1219,"South.Island ",NA
167.653182983398,-44.7525291442871,2,1220,"South.Island ",NA
167.711624145508,-44.7255439758301,2,1221,"South.Island ",NA
167.775802612305,-44.7129402160645,2,1222,"South.Island ",NA
167.829071044922,-44.7381477355957,2,1223,"South.Island ",NA
167.87434387207,-44.7723541259766,2,1224,"South.Island ",NA
167.845703125,-44.7237663269043,2,1225,"South.Island ",NA
167.800994873047,-44.6841201782227,2,1226,"South.Island ",NA
167.802719116211,-44.6391410827637,2,1227,"South.Island ",NA
167.834228515625,-44.5959396362305,2,1228,"South.Island ",NA
167.866317749023,-44.5509643554688,2,1229,"South.Island ",NA
167.907577514648,-44.5113143920898,2,1230,"South.Island ",NA
167.970016479492,-44.4915466308594,2,1231,"South.Island ",NA
167.976333618164,-44.4465713500977,2,1232,"South.Island ",NA
168.043365478516,-44.4411277770996,2,1233,"South.Island ",NA
168.091491699219,-44.4087562561035,2,1234,"South.Island ",NA
168.041641235352,-44.3763275146484,2,1235,"South.Island ",NA
168.094360351562,-44.3439559936523,2,1236,"South.Island ",NA
168.094924926758,-44.3421211242676,2,1237,"South.Island ",NA
168.140762329102,-44.3043632507324,2,1238,"South.Island ",NA
168.198638916016,-44.2737693786621,2,1239,"South.Island ",NA
168.246765136719,-44.2341194152832,2,1240,"South.Island ",NA
168.282852172852,-44.1927528381348,2,1241,"South.Island ",NA
168.311508178711,-44.1486320495605,2,1242,"South.Island ",NA
168.344741821289,-44.1072654724121,2,1243,"South.Island ",NA
168.410629272461,-44.0982704162598,2,1244,"South.Island ",NA
168.478820800781,-44.0946578979492,2,1245,"South.Island ",NA
168.540115356445,-44.074836730957,2,1246,"South.Island ",NA
168.595123291016,-44.0460166931152,2,1247,"South.Island ",NA
168.650131225586,-44.0802192687988,2,1248,"South.Island ",NA
168.713165283203,-44.074836730957,2,1249,"South.Island ",NA
168.777328491211,-44.0568428039551,2,1250,"South.Island ",NA
168.834045410156,-44.0280227661133,2,1251,"South.Island ",NA
168.871871948242,-43.9866561889648,2,1252,"South.Island ",NA
168.941757202148,-43.9524536132812,2,1253,"South.Island ",NA
168.998489379883,-43.9272422790527,2,1254,"South.Island ",NA
169.020263671875,-43.9074172973633,2,1255,"South.Island ",NA
169.068389892578,-43.8732681274414,2,1256,"South.Island ",NA
169.115951538086,-43.8354530334473,2,1257,"South.Island ",NA
169.167495727539,-43.8066329956055,2,1258,"South.Island ",NA
169.221939086914,-43.7796478271484,2,1259,"South.Island ",NA
169.278656005859,-43.7490539550781,2,1260,"South.Island ",NA
169.334808349609,-43.7247581481934,2,1261,"South.Island ",NA
169.386383056641,-43.6959381103516,2,1262,"South.Island ",NA
169.454559326172,-43.6779479980469,2,1263,"South.Island ",NA
169.522735595703,-43.6617317199707,2,1264,"South.Island ",NA
169.588638305664,-43.6419639587402,2,1265,"South.Island ",NA
169.651657104492,-43.6221389770508,2,1266,"South.Island ",NA
169.694625854492,-43.571720123291,2,1267,"South.Island ",NA
169.729019165039,-43.5321273803711,2,1268,"South.Island ",NA
169.760513305664,-43.4925384521484,2,1269,"South.Island ",NA
169.77082824707,-43.4871520996094,2,1270,"South.Island ",NA
169.814956665039,-43.4493370056152,2,1271,"South.Island ",NA
169.890014648438,-43.4367332458496,2,1272,"South.Island ",NA
169.951309204102,-43.406135559082,2,1273,"South.Island ",NA
170.015487670898,-43.4133567810059,2,1274,"South.Island ",NA
170.010330200195,-43.3665428161621,2,1275,"South.Island ",NA
170.068206787109,-43.3467216491699,2,1276,"South.Island ",NA
170.089981079102,-43.2999687194824,2,1277,"South.Island ",NA
170.13752746582,-43.2657623291016,2,1278,"South.Island ",NA
170.198257446289,-43.240550994873,2,1279,"South.Island ",NA
170.241806030273,-43.2054290771484,2,1280,"South.Island ",NA
170.239517211914,-43.1964340209961,2,1281,"South.Island ",NA
170.181655883789,-43.2243347167969,2,1282,"South.Island ",NA
170.237213134766,-43.1982688903809,2,1283,"South.Island ",NA
170.236068725586,-43.158618927002,2,1284,"South.Island ",NA
170.291656494141,-43.1334686279297,2,1285,"South.Island ",NA
170.353530883789,-43.1352424621582,2,1286,"South.Island ",NA
170.377593994141,-43.092041015625,2,1287,"South.Island ",NA
170.428009033203,-43.0632209777832,2,1288,"South.Island ",NA
170.500213623047,-43.047061920166,2,1289,"South.Island ",NA
170.569534301758,-43.0272407531738,2,1290,"South.Island ",NA
170.622817993164,-42.9966468811035,2,1291,"South.Island ",NA
170.677825927734,-42.9678268432617,2,1292,"South.Island ",NA
170.732833862305,-42.9390602111816,2,1293,"South.Island ",NA
170.785552978516,-42.9066352844238,2,1294,"South.Island ",NA
170.83137512207,-42.8670387268066,2,1295,"South.Island ",NA
170.872055053711,-42.8292274475098,2,1296,"South.Island ",NA
170.905288696289,-42.7842483520508,2,1297,"South.Island ",NA
170.951126098633,-42.7392692565918,2,1298,"South.Island ",NA
170.991226196289,-42.7032318115234,2,1299,"South.Island ",NA
171.04280090332,-42.6726341247559,2,1300,"South.Island ",NA
171.078323364258,-42.6330451965332,2,1301,"South.Island ",NA
171.116134643555,-42.5871505737305,2,1302,"South.Island ",NA
171.133895874023,-42.5727691650391,2,1303,"South.Island ",NA
171.159683227539,-42.5313453674316,2,1304,"South.Island ",NA
171.183166503906,-42.473762512207,2,1305,"South.Island ",NA
171.201507568359,-42.4287300109863,2,1306,"South.Island ",NA
171.237030029297,-42.3873634338379,2,1307,"South.Island ",NA
171.262237548828,-42.3405494689941,2,1308,"South.Island ",NA
171.290313720703,-42.2955169677734,2,1309,"South.Island ",NA
171.306365966797,-42.2505378723145,2,1310,"South.Island ",NA
171.309783935547,-42.2001190185547,2,1311,"South.Island ",NA
171.321258544922,-42.1461448669434,2,1312,"South.Island ",NA
171.349319458008,-42.092170715332,2,1313,"South.Island ",NA
171.362503051758,-42.0453605651855,2,1314,"South.Island ",NA
171.3974609375,-42.0021591186523,2,1315,"South.Island ",NA
171.408355712891,-41.9535179138184,2,1316,"South.Island ",NA
171.431259155273,-41.9085388183594,2,1317,"South.Island ",NA
171.460479736328,-41.8635597229004,2,1318,"South.Island ",NA
171.454177856445,-41.8185272216797,2,1319,"South.Island ",NA
171.453033447266,-41.7681655883789,2,1320,"South.Island ",NA
171.516067504883,-41.755558013916,2,1321,"South.Island ",NA
171.579086303711,-41.7375679016113,2,1322,"South.Island ",NA
171.639251708984,-41.7465629577637,2,1323,"South.Island ",NA
171.705139160156,-41.7267379760742,2,1324,"South.Island ",NA
171.756134033203,-41.701530456543,2,1325,"South.Island ",NA
171.797378540039,-41.6664657592773,2,1326,"South.Island ",NA
171.860992431641,-41.6268157958984,2,1327,"South.Island ",NA
171.89306640625,-41.58544921875,2,1328,"South.Island ",NA
171.922302246094,-41.5422477722168,2,1329,"South.Island ",NA
171.954376220703,-41.5026588439941,2,1330,"South.Island ",NA
171.981307983398,-41.4576225280762,2,1331,"South.Island ",NA
172.025421142578,-41.4234161376953,2,1332,"South.Island ",NA
172.069534301758,-41.3730545043945,2,1333,"South.Island ",NA
172.084426879883,-41.320858001709,2,1334,"South.Island ",NA
172.089599609375,-41.275821685791,2,1335,"South.Island ",NA
172.095321655273,-41.2308464050293,2,1336,"South.Island ",NA
172.097045898438,-41.1732597351074,2,1337,"South.Island ",NA
172.098190307617,-41.1210632324219,2,1338,"South.Island ",NA
172.101058959961,-41.0670356750488,2,1339,"South.Island ",NA
172.103912353516,-41.0202255249023,2,1340,"South.Island ",NA
172.102203369141,-40.9752464294434,2,1341,"South.Island ",NA
172.095886230469,-40.9284362792969,2,1342,"South.Island ",NA
172.115371704102,-40.8816261291504,2,1343,"South.Island ",NA
172.140014648438,-40.840259552002,2,1344,"South.Island ",NA
172.192733764648,-40.8042182922363,2,1345,"South.Island ",NA
172.24543762207,-40.7700729370117,2,1346,"South.Island ",NA
172.300445556641,-40.7376403808594,2,1347,"South.Island ",NA
172.350860595703,-40.7052688598633,2,1348,"South.Island ",NA
172.393844604492,-40.6737594604492,2,1349,"South.Island ",NA
172.431655883789,-40.6377182006836,2,1350,"South.Island ",NA
172.493530273438,-40.6071243286133,2,1351,"South.Island ",NA
172.553115844727,-40.6107330322266,2,1352,"South.Island ",NA
172.61442565918,-40.603572845459,2,1353,"South.Island ",NA
172.555419921875,-40.5891342163086,2,1354,"South.Island ",NA
172.586349487305,-40.5477676391602,2,1355,"South.Island ",NA
172.636199951172,-40.5225563049316,2,1356,"South.Island ",NA
172.639053344727,-40.5135612487793,2,1357,"South.Island ",NA
167.873199462891,-46.8036613464355,3,1359,"Stewart.Island ",NA
167.806732177734,-46.8162689208984,3,1360,"Stewart.Island ",NA
167.730529785156,-46.8144340515137,3,1361,"Stewart.Island ",NA
167.69157409668,-46.8594703674316,3,1362,"Stewart.Island ",NA
167.692138671875,-46.9062232971191,3,1363,"Stewart.Island ",NA
167.713912963867,-46.9566421508789,3,1364,"Stewart.Island ",NA
167.735687255859,-46.9998435974121,3,1365,"Stewart.Island ",NA
167.736267089844,-47.0484313964844,3,1366,"Stewart.Island ",NA
167.690414428711,-47.0844688415527,3,1367,"Stewart.Island ",NA
167.669799804688,-47.1312217712402,3,1368,"Stewart.Island ",NA
167.611358642578,-47.1618194580078,3,1369,"Stewart.Island ",NA
167.559783935547,-47.2014656066895,3,1370,"Stewart.Island ",NA
167.553482055664,-47.248218536377,3,1371,"Stewart.Island ",NA
167.546035766602,-47.2941703796387,3,1372,"Stewart.Island ",NA
167.4921875,-47.326545715332,3,1373,"Stewart.Island ",NA
167.43603515625,-47.3553619384766,3,1374,"Stewart.Island ",NA
167.418258666992,-47.4003410339355,3,1375,"Stewart.Island ",NA
167.486450195312,-47.4057273864746,3,1376,"Stewart.Island ",NA
167.555206298828,-47.3841247558594,3,1377,"Stewart.Island ",NA
167.622817993164,-47.3760452270508,3,1378,"Stewart.Island ",NA
167.560363769531,-47.3607521057129,3,1379,"Stewart.Island ",NA
167.606781005859,-47.3220176696777,3,1380,"Stewart.Island ",NA
167.645736694336,-47.2824249267578,3,1381,"Stewart.Island ",NA
167.713348388672,-47.2950286865234,3,1382,"Stewart.Island ",NA
167.783248901367,-47.298641204834,3,1383,"Stewart.Island ",NA
167.851425170898,-47.2788162231445,3,1384,"Stewart.Island ",NA
167.912734985352,-47.2464447021484,3,1385,"Stewart.Island ",NA
167.966018676758,-47.2158470153809,3,1386,"Stewart.Island ",NA
168.03190612793,-47.2194557189941,3,1387,"Stewart.Island ",NA
168.101226806641,-47.2194557189941,3,1388,"Stewart.Island ",NA
168.047958374023,-47.1924705505371,3,1389,"Stewart.Island ",NA
168.11555480957,-47.2050170898438,3,1390,"Stewart.Island ",NA
168.185455322266,-47.1924705505371,3,1391,"Stewart.Island ",NA
168.135604858398,-47.1636505126953,3,1392,"Stewart.Island ",NA
168.188323974609,-47.1312217712402,3,1393,"Stewart.Island ",NA
168.182022094727,-47.0862464904785,3,1394,"Stewart.Island ",NA
168.165405273438,-47.0376586914062,3,1395,"Stewart.Island ",NA
168.11669921875,-47.0772514343262,3,1396,"Stewart.Island ",NA
168.049102783203,-47.0934638977051,3,1397,"Stewart.Island ",NA
168.10237121582,-47.0592575073242,3,1398,"Stewart.Island ",NA
168.03190612793,-47.0502624511719,3,1399,"Stewart.Island ",NA
167.967163085938,-47.0394325256348,3,1400,"Stewart.Island ",NA
167.913299560547,-47.0754165649414,3,1401,"Stewart.Island ",NA
167.956848144531,-47.034049987793,3,1402,"Stewart.Island ",NA
167.976898193359,-46.989070892334,3,1403,"Stewart.Island ",NA
168.021591186523,-47.0214424133301,3,1404,"Stewart.Island ",NA
168.091491699219,-47.0070610046387,3,1405,"Stewart.Island ",NA
168.114410400391,-46.962028503418,3,1406,"Stewart.Island ",NA
168.058837890625,-46.9332656860352,3,1407,"Stewart.Island ",NA
168.00325012207,-46.9062232971191,3,1408,"Stewart.Island ",NA
167.967163085938,-46.868465423584,3,1409,"Stewart.Island ",NA
167.947692871094,-46.8252639770508,3,1410,"Stewart.Island ",NA
167.888671875,-46.8072738647461,3,1411,"Stewart.Island ",NA
167.873199462891,-46.8036613464355,3,1412,"Stewart.Island ",NA
175.535934448242,-36.391529083252,4,1414,"Great.Barrier.Island ",NA
175.551986694336,-36.3411636352539,4,1415,"Great.Barrier.Island ",NA
175.503845214844,-36.3033485412598,4,1416,"Great.Barrier.Island ",NA
175.494674682617,-36.2565383911133,4,1417,"Great.Barrier.Island ",NA
175.510726928711,-36.2115631103516,4,1418,"Great.Barrier.Island ",NA
175.460876464844,-36.1899604797363,4,1419,"Great.Barrier.Island ",NA
175.445983886719,-36.1395416259766,4,1420,"Great.Barrier.Island ",NA
175.420196533203,-36.0927314758301,4,1421,"Great.Barrier.Island ",NA
175.364608764648,-36.1035614013672,4,1422,"Great.Barrier.Island ",NA
175.366333007812,-36.1503715515137,4,1423,"Great.Barrier.Island ",NA
175.324508666992,-36.180965423584,4,1424,"Great.Barrier.Island ",NA
175.374923706055,-36.2115631103516,4,1425,"Great.Barrier.Island ",NA
175.323928833008,-36.2349395751953,4,1426,"Great.Barrier.Island ",NA
175.364044189453,-36.2691459655762,4,1427,"Great.Barrier.Island ",NA
175.418472290039,-36.2853584289551,4,1428,"Great.Barrier.Island ",NA
175.451141357422,-36.3321685791016,4,1429,"Great.Barrier.Island ",NA
175.505569458008,-36.3537712097168,4,1430,"Great.Barrier.Island ",NA
175.535934448242,-36.391529083252,4,1431,"Great.Barrier.Island ",NA
166.476898193359,-45.8883628845215,5,1433,"Resolution.Island ",NA
166.51643371582,-45.8487701416016,5,1434,"Resolution.Island ",NA
166.546798706055,-45.8883628845215,5,1435,"Resolution.Island ",NA
166.572570800781,-45.9333381652832,5,1436,"Resolution.Island ",NA
166.614974975586,-45.8919715881348,5,1437,"Resolution.Island ",NA
166.667694091797,-45.9153480529785,5,1438,"Resolution.Island ",NA
166.694625854492,-45.8712310791016,5,1439,"Resolution.Island ",NA
166.684875488281,-45.8226432800293,5,1440,"Resolution.Island ",NA
166.664245605469,-45.7758331298828,5,1441,"Resolution.Island ",NA
166.598373413086,-45.7875213623047,5,1442,"Resolution.Island ",NA
166.531890869141,-45.8037376403809,5,1443,"Resolution.Island ",NA
166.486068725586,-45.841552734375,5,1444,"Resolution.Island ",NA
166.449401855469,-45.8811416625977,5,1445,"Resolution.Island ",NA
166.41845703125,-45.9225692749023,5,1446,"Resolution.Island ",NA
166.474029541016,-45.8919715881348,5,1447,"Resolution.Island ",NA
166.476898193359,-45.8883628845215,5,1448,"Resolution.Island ",NA
175.099914550781,-36.1962661743164,6,1450,"Little.Barrier.Island ",NA
175.063812255859,-36.2322463989258,6,1451,"Little.Barrier.Island ",NA
175.105072021484,-36.2646179199219,6,1452,"Little.Barrier.Island ",NA
175.122833251953,-36.2178688049316,6,1453,"Little.Barrier.Island ",NA
175.099914550781,-36.1962661743164,6,1454,"Little.Barrier.Island ",NA
173.906433105469,-40.8492546081543,7,1456,"D'Urville.Island ",NA
173.939102172852,-40.8042182922363,7,1457,"D'Urville.Island ",NA
173.952850341797,-40.7574653625488,7,1458,"D'Urville.Island ",NA
173.954559326172,-40.7088203430176,7,1459,"D'Urville.Island ",NA
173.924209594727,-40.7502479553223,7,1460,"D'Urville.Island ",NA
173.903579711914,-40.7970581054688,7,1461,"D'Urville.Island ",NA
173.85774230957,-40.7664604187012,7,1462,"D'Urville.Island ",NA
173.808471679688,-40.795223236084,7,1463,"D'Urville.Island ",NA
173.811340332031,-40.8438682556152,7,1464,"D'Urville.Island ",NA
173.770080566406,-40.8834609985352,7,1465,"D'Urville.Island ",NA
173.77522277832,-40.9284362792969,7,1466,"D'Urville.Island ",NA
173.832534790039,-40.9140548706055,7,1467,"D'Urville.Island ",NA
173.873794555664,-40.8762397766113,7,1468,"D'Urville.Island ",NA
173.906433105469,-40.8492546081543,7,1469,"D'Urville.Island ",NA
174.259948730469,-41.2092475891113,8,1471,"Arapawa.Island ",NA
174.197494506836,-41.225456237793,8,1472,"Arapawa.Island ",NA
174.253082275391,-41.248836517334,8,1473,"Arapawa.Island ",NA
174.302932739258,-41.2182426452637,8,1474,"Arapawa.Island ",NA
174.367095947266,-41.2092475891113,8,1475,"Arapawa.Island ",NA
174.383148193359,-41.1588249206543,8,1476,"Arapawa.Island ",NA
174.392883300781,-41.1138458251953,8,1477,"Arapawa.Island ",NA
174.337295532227,-41.1354446411133,8,1478,"Arapawa.Island ",NA
174.340744018555,-41.1876411437988,8,1479,"Arapawa.Island ",NA
174.278289794922,-41.1930313110352,8,1480,"Arapawa.Island ",NA
174.259948730469,-41.2092475891113,8,1481,"Arapawa.Island ",NA
175.009384155273,-36.7965507507324,9,1483,"Waiheke.Island ",NA
175.055221557617,-36.8307571411133,9,1484,"Waiheke.Island ",NA
175.09245300293,-36.8685188293457,9,1485,"Waiheke.Island ",NA
175.149185180664,-36.8775672912598,9,1486,"Waiheke.Island ",NA
175.176696777344,-36.8334503173828,9,1487,"Waiheke.Island ",NA
175.213928222656,-36.7974700927734,9,1488,"Waiheke.Island ",NA
175.148620605469,-36.7947196960449,9,1489,"Waiheke.Island ",NA
175.099914550781,-36.8163223266602,9,1490,"Waiheke.Island ",NA
175.041458129883,-36.8055458068848,9,1491,"Waiheke.Island ",NA
175.009384155273,-36.7965507507324,9,1492,"Waiheke.Island ",NA
176.165618896484,-37.6974716186523,10,1494,"Matakana.Island ",NA
176.130661010742,-37.6596565246582,10,1495,"Matakana.Island ",NA
176.088836669922,-37.6254501342773,10,1496,"Matakana.Island ",NA
176.055038452148,-37.5876350402832,10,1497,"Matakana.Island ",NA
176.017211914062,-37.5480422973633,10,1498,"Matakana.Island ",NA
176.028106689453,-37.5984649658203,10,1499,"Matakana.Island ",NA
176.070495605469,-37.6326675415039,10,1500,"Matakana.Island ",NA
176.085983276367,-37.6776466369629,10,1501,"Matakana.Island ",NA
176.146713256836,-37.6902503967285,10,1502,"Matakana.Island ",NA
176.165618896484,-37.6974716186523,10,1503,"Matakana.Island ",NA
166.97021484375,-45.4518241882324,11,1505,"Secretary.Island ",NA
166.954162597656,-45.4086227416992,11,1506,"Secretary.Island ",NA
166.924942016602,-45.3690338134766,11,1507,"Secretary.Island ",NA
166.938125610352,-45.3204460144043,11,1508,"Secretary.Island ",NA
166.878540039062,-45.3510437011719,11,1509,"Secretary.Island ",NA
166.848175048828,-45.3942413330078,11,1510,"Secretary.Island ",NA
166.882553100586,-45.4338340759277,11,1511,"Secretary.Island ",NA
166.94157409668,-45.455436706543,11,1512,"Secretary.Island ",NA
166.97021484375,-45.4518241882324,11,1513,"Secretary.Island ",NA
166.733581542969,-45.9162635803223,12,1515,"Long.Island ",NA
166.668838500977,-45.9279556274414,12,1516,"Long.Island ",NA
166.601791381836,-45.9459457397461,12,1517,"Long.Island ",NA
166.672271728516,-45.9441680908203,12,1518,"Long.Island ",NA
166.730728149414,-45.9162635803223,12,1519,"Long.Island ",NA
166.733581542969,-45.9162635803223,12,1520,"Long.Island ",NA
174.889068603516,-36.4761543273926,13,1522,"Kawau.Island ",NA
174.870147705078,-36.4293441772461,13,1523,"Kawau.Island ",NA
174.823745727539,-36.4545516967773,13,1524,"Kawau.Island ",NA
174.882751464844,-36.4743194580078,13,1525,"Kawau.Island ",NA
174.889068603516,-36.4761543273926,13,1526,"Kawau.Island ",NA
174.846099853516,-36.8298416137695,14,1528,"Rangitoto.Island ",NA
174.904541015625,-36.8235397338867,14,1529,"Rangitoto.Island ",NA
174.867874145508,-36.7884178161621,14,1530,"Rangitoto.Island ",NA
174.848388671875,-36.8316192626953,14,1531,"Rangitoto.Island ",NA
174.846099853516,-36.8298416137695,14,1532,"Rangitoto.Island ",NA
175.20246887207,-36.9333190917969,15,1534,"Ponui.Island ",NA
175.207626342773,-36.8838729858398,15,1535,"Ponui.Island ",NA
175.188720703125,-36.926155090332,15,1536,"Ponui.Island ",NA
175.20246887207,-36.9333190917969,15,1537,"Ponui.Island ",NA
174.916564941406,-36.799991607666,16,1539,"Motutapu.Island ",NA
174.954376220703,-36.7666435241699,16,1540,"Motutapu.Island ",NA
174.916564941406,-36.7305488586426,16,1541,"Motutapu.Island ",NA
174.89192199707,-36.770824432373,16,1542,"Motutapu.Island ",NA
174.916564941406,-36.799991607666,16,1543,"Motutapu.Island ",NA
174.915420532227,-40.8474197387695,17,1545,"Kapiti.Island ",NA
174.87646484375,-40.8924560546875,17,1546,"Kapiti.Island ",NA
174.935470581055,-40.872631072998,17,1547,"Kapiti.Island ",NA
174.915420532227,-40.8474197387695,17,1548,"Kapiti.Island ",NA
173.116333007812,-41.2569732666016,18,1550,"Rabbit.Island ",NA
173.171325683594,-41.2857322692871,18,1551,"Rabbit.Island ",NA
173.118637084961,-41.2587471008301,18,1552,"Rabbit.Island ",NA
173.116333007812,-41.2569732666016,18,1553,"Rabbit.Island ",NA
167.579833984375,-46.873851776123,19,1555,"Codfish.Island ",NA
167.596466064453,-46.917049407959,19,1556,"Codfish.Island ",NA
167.617095947266,-46.8702392578125,19,1557,"Codfish.Island ",NA
167.579833984375,-46.873851776123,19,1558,"Codfish.Island ",NA
168.505172729492,-46.8270378112793,20,1560,"Ruapuke.Island ",NA
168.457611083984,-46.8648529052734,20,1561,"Ruapuke.Island ",NA
168.519500732422,-46.8468627929688,20,1562,"Ruapuke.Island ",NA
168.505172729492,-46.8270378112793,20,1563,"Ruapuke.Island ",NA
166.580032348633,-46.3131523132324,21,1565,"Coal.Island ",NA
166.628158569336,-46.2789459228516,21,1566,"Coal.Island ",NA
166.575439453125,-46.3095436096191,21,1567,"Coal.Island ",NA
166.580032348633,-46.3131523132324,21,1568,"Coal.Island ",NA
166.457992553711,-45.9369506835938,22,1570,"Anchor.Island ",NA
166.527893066406,-45.9387245178223,22,1571,"Anchor.Island ",NA
166.460845947266,-45.935115814209,22,1572,"Anchor.Island ",NA
166.457992553711,-45.9369506835938,22,1573,"Anchor.Island ",NA